split,method,reference,metric,paired_difference,ci95_lower,ci95_upper,independent_layout_count,cluster_unit
confirmation,native_controller,moving_conditioned_gaussian,success,0.068359375,0.05419921875,0.083984375,64,layout
confirmation,native_controller,moving_conditioned_gaussian,task_return,1.299952411252457,1.1421934074926419,1.4772518271854622,64,layout
confirmation,native_controller,moving_conditioned_gaussian,path_length,-0.18076187328867288,-0.19122690489054686,-0.1708740966548374,64,layout
confirmation,native_controller,moving_conditioned_gaussian,final_distance,-0.21779839398189202,-0.2259664866534076,-0.21014733642682099,64,layout
confirmation,native_controller,moving_conditioned_gaussian,actual_gaussian_proposals,-10.18115234375,-10.36036376953125,-10.00341796875,64,layout
confirmation,native_controller,moving_conditioned_gaussian,naive_rejection_equivalent_proposals,-10.200953249571437,-10.354672536365046,-10.038052261229522,64,layout
confirmation,moving_conditioned_gaussian,native_controller,success,-0.068359375,-0.083984375,-0.0537109375,64,layout
confirmation,moving_conditioned_gaussian,native_controller,task_return,-1.299952411252457,-1.4745488991010176,-1.1359595946806413,64,layout
confirmation,moving_conditioned_gaussian,native_controller,path_length,0.18076187328867288,0.17062751460596318,0.1908858672837057,64,layout
confirmation,moving_conditioned_gaussian,native_controller,final_distance,0.21779839398189202,0.20995881717825368,0.22585783764047465,64,layout
confirmation,moving_conditioned_gaussian,native_controller,actual_gaussian_proposals,10.18115234375,9.99609375,10.36083984375,64,layout
confirmation,moving_conditioned_gaussian,native_controller,naive_rejection_equivalent_proposals,10.200953249571437,10.034525777991803,10.357499250630111,64,layout
confirmation,fixed_vertical_collision_repair,native_controller,success,-0.091796875,-0.10889892578124999,-0.0751953125,64,layout
confirmation,fixed_vertical_collision_repair,native_controller,task_return,-1.5582384693478541,-1.744129252357683,-1.3838201419649205,64,layout
confirmation,fixed_vertical_collision_repair,native_controller,path_length,0.1921217793580936,0.18249065154742325,0.2019723090745484,64,layout
confirmation,fixed_vertical_collision_repair,native_controller,final_distance,0.22407396999488033,0.2156845484973523,0.23262550941102558,64,layout
confirmation,fixed_vertical_collision_repair,native_controller,actual_gaussian_proposals,7.0,7.0,7.0,64,layout
confirmation,fixed_vertical_collision_repair,native_controller,naive_rejection_equivalent_proposals,7.0,7.0,7.0,64,layout
confirmation,fixed_vertical_collision_repair,moving_conditioned_gaussian,success,-0.0234375,-0.03857421875,-0.00830078125,64,layout
confirmation,fixed_vertical_collision_repair,moving_conditioned_gaussian,task_return,-0.2582860580953973,-0.42097848138402477,-0.10050855293966071,64,layout
confirmation,fixed_vertical_collision_repair,moving_conditioned_gaussian,path_length,0.011359906069420722,-0.0014074192166624465,0.023725728893789325,64,layout
confirmation,fixed_vertical_collision_repair,moving_conditioned_gaussian,final_distance,0.006275576012988332,-0.0014634197449149872,0.013861731213273507,64,layout
confirmation,fixed_vertical_collision_repair,moving_conditioned_gaussian,actual_gaussian_proposals,-3.18115234375,-3.3642578125,-2.99803466796875,64,layout
confirmation,fixed_vertical_collision_repair,moving_conditioned_gaussian,naive_rejection_equivalent_proposals,-3.2009532495714357,-3.3562892641799027,-3.038131109196549,64,layout
confirmation,anchor_frozen_corridor_projection,native_controller,success,-0.0517578125,-0.06689453125,-0.03759765625,64,layout
confirmation,anchor_frozen_corridor_projection,native_controller,task_return,-1.0998561392731614,-1.2703538871666888,-0.9440685814121784,64,layout
confirmation,anchor_frozen_corridor_projection,native_controller,path_length,0.16515841402461318,0.15651110814251823,0.1741231774788587,64,layout
confirmation,anchor_frozen_corridor_projection,native_controller,final_distance,0.20855980012427422,0.20083711254546951,0.2166243922392769,64,layout
confirmation,anchor_frozen_corridor_projection,native_controller,actual_gaussian_proposals,7.0,7.0,7.0,64,layout
confirmation,anchor_frozen_corridor_projection,native_controller,naive_rejection_equivalent_proposals,7.0,7.0,7.0,64,layout
confirmation,anchor_frozen_corridor_projection,moving_conditioned_gaussian,success,0.0166015625,0.001953125,0.03125,64,layout
confirmation,anchor_frozen_corridor_projection,moving_conditioned_gaussian,task_return,0.20009627197929533,0.04243783606710609,0.3483638447561509,64,layout
confirmation,anchor_frozen_corridor_projection,moving_conditioned_gaussian,path_length,-0.015603459264059705,-0.02761247846798403,-0.004037781512387482,64,layout
confirmation,anchor_frozen_corridor_projection,moving_conditioned_gaussian,final_distance,-0.009238593857617784,-0.0164986761428119,-0.0019869288104519068,64,layout
confirmation,anchor_frozen_corridor_projection,moving_conditioned_gaussian,actual_gaussian_proposals,-3.18115234375,-3.36427001953125,-2.9965576171875,64,layout
confirmation,anchor_frozen_corridor_projection,moving_conditioned_gaussian,naive_rejection_equivalent_proposals,-3.2009532495714357,-3.357059764553218,-3.0420309297129546,64,layout
confirmation,fixed_uniform_conditioned_coarse4,native_controller,success,-0.2998046875,-0.31884765625,-0.28125,64,layout
confirmation,fixed_uniform_conditioned_coarse4,native_controller,task_return,-4.388824898983934,-4.5996120054799015,-4.167178585334321,64,layout
confirmation,fixed_uniform_conditioned_coarse4,native_controller,path_length,0.6420106264225138,0.6128470262871162,0.6720752044006042,64,layout
confirmation,fixed_uniform_conditioned_coarse4,native_controller,final_distance,0.37438369878071004,0.36143496133941866,0.38764409156060103,64,layout
confirmation,fixed_uniform_conditioned_coarse4,native_controller,actual_gaussian_proposals,0.0,0.0,0.0,64,layout
confirmation,fixed_uniform_conditioned_coarse4,native_controller,naive_rejection_equivalent_proposals,6.969556411316844e+19,2.7136915067740012e+16,1.968356103475328e+20,64,layout
confirmation,fixed_uniform_conditioned_coarse4,moving_conditioned_gaussian,success,-0.2314453125,-0.25439453125,-0.20751953125,64,layout
confirmation,fixed_uniform_conditioned_coarse4,moving_conditioned_gaussian,task_return,-3.0888724877314773,-3.3404786615081337,-2.834279930348761,64,layout
confirmation,fixed_uniform_conditioned_coarse4,moving_conditioned_gaussian,path_length,0.46124875313384095,0.42919924481420124,0.49379143634528283,64,layout
confirmation,fixed_uniform_conditioned_coarse4,moving_conditioned_gaussian,final_distance,0.15658530479881805,0.14225310855585038,0.17134732809020092,64,layout
confirmation,fixed_uniform_conditioned_coarse4,moving_conditioned_gaussian,actual_gaussian_proposals,-10.18115234375,-10.36767578125,-9.99462890625,64,layout
confirmation,fixed_uniform_conditioned_coarse4,moving_conditioned_gaussian,naive_rejection_equivalent_proposals,6.969556411316844e+19,2.9513256616671316e+16,1.9171861628867425e+20,64,layout
confirmation,anchor_frozen_conditioned_coarse4,native_controller,success,-0.06201171875,-0.07373046875,-0.05078125,64,layout
confirmation,anchor_frozen_conditioned_coarse4,native_controller,task_return,-1.23825537078663,-1.3646985440226618,-1.1109508393151748,64,layout
confirmation,anchor_frozen_conditioned_coarse4,native_controller,path_length,0.18434767536848246,0.1766837849664182,0.19263455184418649,64,layout
confirmation,anchor_frozen_conditioned_coarse4,native_controller,final_distance,0.21689525395907372,0.21046288156070014,0.22353399471712754,64,layout
confirmation,anchor_frozen_conditioned_coarse4,native_controller,actual_gaussian_proposals,0.0,0.0,0.0,64,layout
confirmation,anchor_frozen_conditioned_coarse4,native_controller,naive_rejection_equivalent_proposals,40.78870318892925,40.11952177194718,41.46162566950568,64,layout
confirmation,anchor_frozen_conditioned_coarse4,moving_conditioned_gaussian,success,0.00634765625,-0.00634765625,0.01904296875,64,layout
confirmation,anchor_frozen_conditioned_coarse4,moving_conditioned_gaussian,task_return,0.061697040465827024,-0.07917103206825285,0.193705183796631,64,layout
confirmation,anchor_frozen_conditioned_coarse4,moving_conditioned_gaussian,path_length,0.0035858020798095747,-0.007481266432509033,0.014573936432828184,64,layout
confirmation,anchor_frozen_conditioned_coarse4,moving_conditioned_gaussian,final_distance,-0.0009031400228182865,-0.007421623072371033,0.005636976098246067,64,layout
confirmation,anchor_frozen_conditioned_coarse4,moving_conditioned_gaussian,actual_gaussian_proposals,-10.18115234375,-10.36475830078125,-9.9970703125,64,layout
confirmation,anchor_frozen_conditioned_coarse4,moving_conditioned_gaussian,naive_rejection_equivalent_proposals,30.58774993935781,30.072987441571144,31.118711073148972,64,layout
confirmation,anchor_frozen_conditioned_refined8,native_controller,success,-0.0693359375,-0.08154296875,-0.0576171875,64,layout
confirmation,anchor_frozen_conditioned_refined8,native_controller,task_return,-1.3197039679110398,-1.4498591536665095,-1.1929284277937684,64,layout
confirmation,anchor_frozen_conditioned_refined8,native_controller,path_length,0.1867675798910705,0.17687518726899853,0.19689610620707912,64,layout
confirmation,anchor_frozen_conditioned_refined8,native_controller,final_distance,0.2197885065099848,0.21309387583072326,0.22601777508951096,64,layout
confirmation,anchor_frozen_conditioned_refined8,native_controller,actual_gaussian_proposals,0.0,0.0,0.0,64,layout
confirmation,anchor_frozen_conditioned_refined8,native_controller,naive_rejection_equivalent_proposals,81.78453227087525,80.4179022124197,83.19507221145716,64,layout
confirmation,anchor_frozen_conditioned_refined8,moving_conditioned_gaussian,success,-0.0009765625,-0.01513671875,0.01318359375,64,layout
confirmation,anchor_frozen_conditioned_refined8,moving_conditioned_gaussian,task_return,-0.01975155665858306,-0.17536315184453546,0.1281175081924231,64,layout
confirmation,anchor_frozen_conditioned_refined8,moving_conditioned_gaussian,path_length,0.006005706602397645,-0.0067699046151995165,0.01873684088061527,64,layout
confirmation,anchor_frozen_conditioned_refined8,moving_conditioned_gaussian,final_distance,0.001990112528092792,-0.0043566652522548325,0.008043697000191696,64,layout
confirmation,anchor_frozen_conditioned_refined8,moving_conditioned_gaussian,actual_gaussian_proposals,-10.18115234375,-10.37354736328125,-9.99364013671875,64,layout
confirmation,anchor_frozen_conditioned_refined8,moving_conditioned_gaussian,naive_rejection_equivalent_proposals,71.58357902130382,70.34170025019478,72.808898395895,64,layout
