split,layout_index,stage_index,start_y,goal_y,sigma,box_x_lower,box_x_upper,box_y_lower,box_y_upper,obstacle_x_lower,obstacle_x_upper,obstacle_y_lower,obstacle_y_upper
confirmation,0,0,0.2467511072182999,0.1228405780252657,0.184804231698092,0.62,1.38,-1.35,1.35,0.9104631199386746,1.296979893806776,-0.6430655227755224,0.06918911033820657
confirmation,0,1,0.2467511072182999,0.1228405780252657,0.20471462777836086,1.62,2.38,-1.35,1.35,1.8368339759360928,2.2049176163559525,0.09995013476431819,0.7489391154870306
confirmation,0,2,0.2467511072182999,0.1228405780252657,0.22191202343295058,2.62,3.38,-1.35,1.35,2.851247781452067,3.1313762186857956,-0.23701053868612093,0.3067188094998034
confirmation,0,3,0.2467511072182999,0.1228405780252657,0.1509135011326277,3.62,4.38,-1.35,1.35,3.8986408325325166,4.239263895208819,-0.4376931206586756,0.24137320853308974
confirmation,0,4,0.2467511072182999,0.1228405780252657,0.16634543131615193,4.62,5.38,-1.35,1.35,4.849094300426348,5.104632413492897,-0.14784611969109146,0.3877351525688298
confirmation,0,5,0.2467511072182999,0.1228405780252657,0.22036332813788312,5.62,6.38,-1.35,1.35,5.7391208711584385,6.046043332849471,-0.2036465539219507,0.47806079619570324
confirmation,0,6,0.2467511072182999,0.1228405780252657,0.15493772290897379,6.62,7.38,-1.35,1.35,6.9282674036271645,7.2391522878751795,-0.7384260791007913,-0.14988226971387197
confirmation,1,0,-0.04085384499922584,-0.2867229086911358,0.15847131739339934,0.62,1.38,-1.35,1.35,0.9136508939516375,1.2486002911251652,-0.6729342423266309,0.009963986374485645
confirmation,1,1,-0.04085384499922584,-0.2867229086911358,0.22232112357288003,1.62,2.38,-1.35,1.35,1.874262792712061,2.1690773422977556,-0.595809849943543,0.10243894126440789
confirmation,1,2,-0.04085384499922584,-0.2867229086911358,0.15278754423661736,2.62,3.38,-1.35,1.35,2.747499815007661,3.071641707957725,-0.2059153353083389,0.49317770371140773
confirmation,1,3,-0.04085384499922584,-0.2867229086911358,0.1506292137242774,3.62,4.38,-1.35,1.35,3.8643601689279294,4.24784923436551,-0.7791520427795076,-0.14737025987916136
confirmation,1,4,-0.04085384499922584,-0.2867229086911358,0.17738634624510355,4.62,5.38,-1.35,1.35,4.953276804808128,5.208232886469148,-0.571039894387366,-0.13581156173197823
confirmation,1,5,-0.04085384499922584,-0.2867229086911358,0.20366336655508072,5.62,6.38,-1.35,1.35,5.930143514526714,6.299753984938684,-0.3061548714155884,0.10870910088411745
confirmation,1,6,-0.04085384499922584,-0.2867229086911358,0.20489841357597463,6.62,7.38,-1.35,1.35,6.7881523576085305,7.17708687818748,-0.15875727581575205,0.5153854434108338
confirmation,2,0,0.1460323122402162,-0.17224474478012733,0.21124156383078838,0.62,1.38,-1.35,1.35,0.8959809340095609,1.2349808545039784,-0.5354026452825287,-0.005420466133530644
confirmation,2,1,0.1460323122402162,-0.17224474478012733,0.1729004247410333,1.62,2.38,-1.35,1.35,1.9737339152966324,2.201217807121994,-0.3256824345028222,0.09561030885836797
confirmation,2,2,0.1460323122402162,-0.17224474478012733,0.17899942092676857,2.62,3.38,-1.35,1.35,2.8450658538742517,3.1737274939969056,-0.41692833919267125,0.07151879704845429
confirmation,2,3,0.1460323122402162,-0.17224474478012733,0.20189789133690741,3.62,4.38,-1.35,1.35,3.8779148266132766,4.194642560100958,-0.15920054683103102,0.48060092693782097
confirmation,2,4,0.1460323122402162,-0.17224474478012733,0.1531036564290547,4.62,5.38,-1.35,1.35,4.935513223367775,5.252852396539304,-0.1412089289956815,0.26842212446005886
confirmation,2,5,0.1460323122402162,-0.17224474478012733,0.16506550917671417,5.62,6.38,-1.35,1.35,5.703679603110657,6.084320904133926,-0.10163672159424753,0.6159262530015028
confirmation,2,6,0.1460323122402162,-0.17224474478012733,0.17036234274121842,6.62,7.38,-1.35,1.35,6.714108059144528,7.100137233324337,0.09602195120231635,0.5886413090880771
confirmation,3,0,0.17839263613964232,0.20559784217592114,0.15114430302510704,0.62,1.38,-1.35,1.35,0.8916972790851769,1.2484843881188872,-0.7457217131815043,-0.06029289251252978
confirmation,3,1,0.17839263613964232,0.20559784217592114,0.2198779061350965,1.62,2.38,-1.35,1.35,1.831021958675803,2.220859747941685,-0.7931789436459546,-0.19051483983719247
confirmation,3,2,0.17839263613964232,0.20559784217592114,0.22231572804336686,2.62,3.38,-1.35,1.35,2.8127786833441064,3.1583046355084674,-0.5269781594466287,-0.10900901957409073
confirmation,3,3,0.17839263613964232,0.20559784217592114,0.20265043079327255,3.62,4.38,-1.35,1.35,3.8895469307290282,4.26029656264383,-0.6052154059951464,-0.0386037819200562
confirmation,3,4,0.17839263613964232,0.20559784217592114,0.17435584106178295,4.62,5.38,-1.35,1.35,4.925438915467628,5.272757354472286,0.018683741972403245,0.6599518027627442
confirmation,3,5,0.17839263613964232,0.20559784217592114,0.22561829474666284,5.62,6.38,-1.35,1.35,5.7934693355436035,6.182960345776193,0.0685285090078446,0.48367056164064726
confirmation,3,6,0.17839263613964232,0.20559784217592114,0.17842610414868854,6.62,7.38,-1.35,1.35,6.7833727997517945,7.104544825594517,-0.6246106393043986,-0.08656699089413888
confirmation,4,0,-0.03759545795567707,-0.22994846253552229,0.1804208833187617,0.62,1.38,-1.35,1.35,0.8766654388821468,1.2696103648572572,-0.03434503782081427,0.545431327477947
confirmation,4,1,-0.03759545795567707,-0.22994846253552229,0.22324500191415478,1.62,2.38,-1.35,1.35,1.8695874964743664,2.18899055231436,-0.03927172464596271,0.41659583421041824
confirmation,4,2,-0.03759545795567707,-0.22994846253552229,0.1731699671623117,2.62,3.38,-1.35,1.35,2.969102088369784,3.2558851960079815,-0.5147426195215277,0.1874497484176056
confirmation,4,3,-0.03759545795567707,-0.22994846253552229,0.2296199031499119,3.62,4.38,-1.35,1.35,3.9026175846021953,4.219453115877144,-0.17898033911917344,0.4565713373603598
confirmation,4,4,-0.03759545795567707,-0.22994846253552229,0.1795671096790547,4.62,5.38,-1.35,1.35,4.810083064265516,5.080125644391233,0.12066211525637002,0.6085497670352591
confirmation,4,5,-0.03759545795567707,-0.22994846253552229,0.1805273318707421,5.62,6.38,-1.35,1.35,5.870386583177039,6.21250145463155,-0.0011047844741675084,0.5467847474058608
confirmation,4,6,-0.03759545795567707,-0.22994846253552229,0.15124857170088443,6.62,7.38,-1.35,1.35,6.889140183074304,7.146845938124922,-0.11886726507321868,0.2551690433032402
confirmation,5,0,-0.07846490630587019,0.3380747208423013,0.17913510459012805,0.62,1.38,-1.35,1.35,0.763684951961568,1.0339083641667093,-0.677632979310692,-0.10276665775101523
confirmation,5,1,-0.07846490630587019,0.3380747208423013,0.19540460345144228,1.62,2.38,-1.35,1.35,1.8341337949178982,2.082664013815887,-0.15016114242610895,0.30195787630550003
confirmation,5,2,-0.07846490630587019,0.3380747208423013,0.19886620579298164,2.62,3.38,-1.35,1.35,2.856248519578736,3.155664866355943,-0.42450361924673774,-0.04881633569259014
confirmation,5,3,-0.07846490630587019,0.3380747208423013,0.1770910013373498,3.62,4.38,-1.35,1.35,3.7386962496837715,4.036729154005052,-0.01468440421119116,0.42096714668997764
confirmation,5,4,-0.07846490630587019,0.3380747208423013,0.17723422308149137,4.62,5.38,-1.35,1.35,4.851550628728181,5.181665245035499,-0.21595608046530285,0.4859174502066334
confirmation,5,5,-0.07846490630587019,0.3380747208423013,0.21722320625123742,5.62,6.38,-1.35,1.35,5.77408128539078,6.017517131426533,-0.1088588838339567,0.49983852831579567
confirmation,5,6,-0.07846490630587019,0.3380747208423013,0.1570453370016912,6.62,7.38,-1.35,1.35,6.759881159593185,7.085752599567526,-0.46315686026402525,0.039179633979463
confirmation,6,0,-0.05553793518595187,-0.0981126517122707,0.18160041760714282,0.62,1.38,-1.35,1.35,0.8370911538910906,1.154694787633612,-0.15443674669479512,0.3333534692750637
confirmation,6,1,-0.05553793518595187,-0.0981126517122707,0.159675145397256,1.62,2.38,-1.35,1.35,1.928524029307846,2.286238958403003,-0.09148928292568281,0.5166185620539554
confirmation,6,2,-0.05553793518595187,-0.0981126517122707,0.19685327064323752,2.62,3.38,-1.35,1.35,2.8000394874026924,3.0504182719580513,-0.47672358055069797,0.03126661556725763
confirmation,6,3,-0.05553793518595187,-0.0981126517122707,0.2099306614405833,3.62,4.38,-1.35,1.35,3.8731245498462554,4.159233457187024,-0.5049258093689317,0.22053965927147495
confirmation,6,4,-0.05553793518595187,-0.0981126517122707,0.22837185055657444,4.62,5.38,-1.35,1.35,4.77775954207645,5.100398390454694,-0.45731161292963646,0.2676418023136012
confirmation,6,5,-0.05553793518595187,-0.0981126517122707,0.20621214319205308,5.62,6.38,-1.35,1.35,5.8332004718290875,6.157514797237274,-0.16029867761401623,0.5590190777193085
confirmation,6,6,-0.05553793518595187,-0.0981126517122707,0.17676050464875795,6.62,7.38,-1.35,1.35,6.751438857949504,7.039025320916133,-0.026691481137567502,0.39206846005392626
confirmation,7,0,0.10227289165843416,0.12663857120701955,0.15478872979928274,0.62,1.38,-1.35,1.35,0.9053791157587762,1.2960031838098791,-0.7175071681384422,-0.20592140138545784
confirmation,7,1,0.10227289165843416,0.12663857120701955,0.2279458416722379,1.62,2.38,-1.35,1.35,1.9733658145163437,2.2292229163879913,-0.40182650895116173,0.11642275592129342
confirmation,7,2,0.10227289165843416,0.12663857120701955,0.1574489243485803,2.62,3.38,-1.35,1.35,2.778831791416617,3.020627790040086,-0.6648775796038285,0.003306869115335398
confirmation,7,3,0.10227289165843416,0.12663857120701955,0.21020872488340686,3.62,4.38,-1.35,1.35,3.827444986872375,4.220204310279651,-0.8056186926432374,-0.17048754749147332
confirmation,7,4,0.10227289165843416,0.12663857120701955,0.1724157218349031,4.62,5.38,-1.35,1.35,4.934363907498786,5.210506513501932,-0.6436892981195689,0.07987461575083332
confirmation,7,5,0.10227289165843416,0.12663857120701955,0.2011890924309675,5.62,6.38,-1.35,1.35,5.9195976001105635,6.315776983960609,-0.10667853096024454,0.4535566958399598
confirmation,7,6,0.10227289165843416,0.12663857120701955,0.16283381854954393,6.62,7.38,-1.35,1.35,6.841470621624514,7.156846976076133,-0.6279343461863294,0.07865412319980875
confirmation,8,0,-0.22269899079474714,0.27581353941116493,0.17187919390336287,0.62,1.38,-1.35,1.35,0.960268050916747,1.2198004344514461,0.016548516128274987,0.5118131547983642
confirmation,8,1,-0.22269899079474714,0.27581353941116493,0.1899308326194438,1.62,2.38,-1.35,1.35,1.7672224540554506,1.9960412338832219,0.04027368714577145,0.6067922560421521
confirmation,8,2,-0.22269899079474714,0.27581353941116493,0.174619956252394,2.62,3.38,-1.35,1.35,2.9490267930935836,3.283632520529723,-0.4339123025884868,0.09474192167576123
confirmation,8,3,-0.22269899079474714,0.27581353941116493,0.198424399630563,3.62,4.38,-1.35,1.35,3.8031812811952728,4.072859439010448,-0.6674436444724093,-0.1884045583951962
confirmation,8,4,-0.22269899079474714,0.27581353941116493,0.22799289081617694,4.62,5.38,-1.35,1.35,4.7858332677727935,5.085913836153819,-0.5140559241270735,0.0837223622366079
confirmation,8,5,-0.22269899079474714,0.27581353941116493,0.1990951757982245,5.62,6.38,-1.35,1.35,5.917270949562638,6.15887665270709,-0.002630124338282358,0.5098598117201446
confirmation,8,6,-0.22269899079474714,0.27581353941116493,0.19762170037943572,6.62,7.38,-1.35,1.35,6.804805889700446,7.077533755740503,-0.5419551036693119,-0.14783809556803904
confirmation,9,0,0.09820759583647577,0.266669604935391,0.18992626040267058,0.62,1.38,-1.35,1.35,0.8374477720315321,1.2150404404940396,-0.612386200228555,-0.09066277983836846
confirmation,9,1,0.09820759583647577,0.266669604935391,0.20450297869537487,1.62,2.38,-1.35,1.35,1.7048371927786996,2.0786832395368697,0.10147492883205264,0.5793486124564264
confirmation,9,2,0.09820759583647577,0.266669604935391,0.18154125193683304,2.62,3.38,-1.35,1.35,2.7380866247304745,3.0372505181050986,0.06115404554077525,0.5678900706219601
confirmation,9,3,0.09820759583647577,0.266669604935391,0.19978592292739872,3.62,4.38,-1.35,1.35,3.834341774937954,4.071498454303908,-0.45646567612848477,0.22380697691229423
confirmation,9,4,0.09820759583647577,0.266669604935391,0.16077966433768462,4.62,5.38,-1.35,1.35,4.808783252715495,5.173848849668614,-0.30297855774706306,0.3525155977988089
confirmation,9,5,0.09820759583647577,0.266669604935391,0.21662119662133503,5.62,6.38,-1.35,1.35,5.960078079415644,6.26764173094464,-0.6003493760973374,0.1165375304958759
confirmation,9,6,0.09820759583647577,0.266669604935391,0.21381366905754468,6.62,7.38,-1.35,1.35,6.75981232330991,7.130264763316396,-0.5969728178083467,-0.1918950925676895
confirmation,10,0,-0.1721656014668563,-0.04727835249570227,0.18911073907914497,0.62,1.38,-1.35,1.35,0.8519878825007073,1.1950734542415966,0.248175471624975,0.7222870825122069
confirmation,10,1,-0.1721656014668563,-0.04727835249570227,0.22208969035164655,1.62,2.38,-1.35,1.35,1.8366491965486478,2.0904017608993497,-0.25979425474802775,0.44738497252096565
confirmation,10,2,-0.1721656014668563,-0.04727835249570227,0.18434072723264341,2.62,3.38,-1.35,1.35,2.8470814028977327,3.1129195936904988,-0.42137379662457425,0.22654268888291357
confirmation,10,3,-0.1721656014668563,-0.04727835249570227,0.16696176120920667,3.62,4.38,-1.35,1.35,3.788706794319042,4.01087683641672,-0.523187260237699,0.03349899480845936
confirmation,10,4,-0.1721656014668563,-0.04727835249570227,0.1613375628215323,4.62,5.38,-1.35,1.35,4.746558586138659,5.121749936152487,-0.6684331455089625,-0.23140929465150473
confirmation,10,5,-0.1721656014668563,-0.04727835249570227,0.21103930634880538,5.62,6.38,-1.35,1.35,5.962354016568065,6.275449261367739,0.18963926142319848,0.7404245467549793
confirmation,10,6,-0.1721656014668563,-0.04727835249570227,0.17544431855963802,6.62,7.38,-1.35,1.35,6.975764647779034,7.209823236773861,0.19980626088310544,0.7201747038736082
confirmation,11,0,0.0979404151527651,0.31861863555823017,0.15292750718991144,0.62,1.38,-1.35,1.35,0.9026844916238363,1.2588079404748849,-0.6321765599655629,-0.2637150095058667
confirmation,11,1,0.0979404151527651,0.31861863555823017,0.22466869930544736,1.62,2.38,-1.35,1.35,1.9023569801167692,2.1812464989776643,-0.41049875137177094,0.24000294354333696
confirmation,11,2,0.0979404151527651,0.31861863555823017,0.16663221405091158,2.62,3.38,-1.35,1.35,2.924912405011553,3.1965294849035146,-0.012199330621680105,0.600539169553266
confirmation,11,3,0.0979404151527651,0.31861863555823017,0.16204182357048885,3.62,4.38,-1.35,1.35,3.8005329275309743,4.177446090179457,-0.4882045847371569,0.16264280213357474
confirmation,11,4,0.0979404151527651,0.31861863555823017,0.16535718592020798,4.62,5.38,-1.35,1.35,4.926535375251451,5.29463234244013,-0.6517887893263705,-0.12041445450401045
confirmation,11,5,0.0979404151527651,0.31861863555823017,0.15318820694999796,5.62,6.38,-1.35,1.35,5.771166507410021,6.005203894683728,0.04365506410755626,0.7222193249282188
confirmation,11,6,0.0979404151527651,0.31861863555823017,0.22395008379276984,6.62,7.38,-1.35,1.35,6.915473520453163,7.268970312754056,-0.6375853674761794,-0.011802194534341726
confirmation,12,0,0.25475840255151044,-0.03317179638638481,0.16974528627625754,0.62,1.38,-1.35,1.35,0.7923662845514433,1.0232294064731162,0.19050439716082607,0.7411662902728291
confirmation,12,1,0.25475840255151044,-0.03317179638638481,0.1852720537726881,1.62,2.38,-1.35,1.35,1.9126878101992362,2.169238411044432,-0.7415029391675543,-0.08811718222659981
confirmation,12,2,0.25475840255151044,-0.03317179638638481,0.17896644183004687,2.62,3.38,-1.35,1.35,2.800356980007843,3.0486471454032,-0.036744200868533916,0.7084769433819129
confirmation,12,3,0.25475840255151044,-0.03317179638638481,0.170433403315464,3.62,4.38,-1.35,1.35,3.9375831451706738,4.212758482671454,0.24719748109246784,0.6707682507611396
confirmation,12,4,0.25475840255151044,-0.03317179638638481,0.16371805482473803,4.62,5.38,-1.35,1.35,4.91892140285118,5.170793585701031,-0.27981550286654405,0.2620868391434709
confirmation,12,5,0.25475840255151044,-0.03317179638638481,0.2085989236496102,5.62,6.38,-1.35,1.35,5.771231421595603,6.165778887518041,-0.2673008988601622,0.2783849576928361
confirmation,12,6,0.25475840255151044,-0.03317179638638481,0.2202069020989213,6.62,7.38,-1.35,1.35,6.786585319751981,7.096699751712694,-0.636641207381197,-0.27304008973241733
confirmation,13,0,0.04204264445548256,-0.26321447753489635,0.18850542018669564,0.62,1.38,-1.35,1.35,0.9107986531478933,1.1646309250879288,-0.852367751052269,-0.09370050326679158
confirmation,13,1,0.04204264445548256,-0.26321447753489635,0.1725921073372198,1.62,2.38,-1.35,1.35,1.853331712054799,2.0761141532071696,-0.458549204991872,0.20977542692739193
confirmation,13,2,0.04204264445548256,-0.26321447753489635,0.16857804082938688,2.62,3.38,-1.35,1.35,2.9313258797973254,3.2115880268212584,-0.31209746957002177,0.1559317313561323
confirmation,13,3,0.04204264445548256,-0.26321447753489635,0.21047440558043648,3.62,4.38,-1.35,1.35,3.705161067124893,4.085249757536631,0.19161585520477845,0.6913951978431656
confirmation,13,4,0.04204264445548256,-0.26321447753489635,0.2148187712597996,4.62,5.38,-1.35,1.35,4.936283917623631,5.26542668396569,0.01879304766094861,0.4647364395905964
confirmation,13,5,0.04204264445548256,-0.26321447753489635,0.2280360275727589,5.62,6.38,-1.35,1.35,5.743897032279174,6.051969242587765,-0.10750208611648615,0.57170477780552
confirmation,13,6,0.04204264445548256,-0.26321447753489635,0.22644705598303302,6.62,7.38,-1.35,1.35,6.8835009428675376,7.183735300346764,-0.10624747467649476,0.5304485966935317
confirmation,14,0,-0.07135982863337184,-0.10774389664302061,0.1502455861890879,0.62,1.38,-1.35,1.35,0.7430491996974892,1.1232990017089772,-0.44220550919144425,0.10615917684575321
confirmation,14,1,-0.07135982863337184,-0.10774389664302061,0.19245890468808952,1.62,2.38,-1.35,1.35,1.818646993767387,2.0679341307486516,0.31322723596599156,0.6845515166766485
confirmation,14,2,-0.07135982863337184,-0.10774389664302061,0.18269797611775335,2.62,3.38,-1.35,1.35,2.90470972201551,3.208873028091716,0.18261054675962596,0.620716056357697
confirmation,14,3,-0.07135982863337184,-0.10774389664302061,0.16083666453782253,3.62,4.38,-1.35,1.35,3.955764079896244,4.210605567347165,-0.011461877417356742,0.35283069369892406
confirmation,14,4,-0.07135982863337184,-0.10774389664302061,0.20289204719370169,4.62,5.38,-1.35,1.35,4.833609695902683,5.221673210926947,-0.11000061640550188,0.26818489144326074
confirmation,14,5,-0.07135982863337184,-0.10774389664302061,0.1546464129809829,5.62,6.38,-1.35,1.35,5.966479233443679,6.266732848155255,-0.35401896550796724,0.34430357214816215
confirmation,14,6,-0.07135982863337184,-0.10774389664302061,0.1535853440947027,6.62,7.38,-1.35,1.35,6.831299480030034,7.118617800552159,0.18095100311270673,0.6481643284448136
confirmation,15,0,-0.1747835796734674,-0.13203233727331753,0.17936814446494592,0.62,1.38,-1.35,1.35,0.8605641348898332,1.1997895017437967,-0.16710096741120742,0.3068999216546584
confirmation,15,1,-0.1747835796734674,-0.13203233727331753,0.16779655523738915,1.62,2.38,-1.35,1.35,1.7597020373677184,2.1499201091722138,-0.6672448682501266,-0.1004072321053599
confirmation,15,2,-0.1747835796734674,-0.13203233727331753,0.18109065788423687,2.62,3.38,-1.35,1.35,2.888507979848802,3.221546756000949,-0.6773341180021983,-0.09395086950685183
confirmation,15,3,-0.1747835796734674,-0.13203233727331753,0.22559089323402182,3.62,4.38,-1.35,1.35,3.8904043417791474,4.203789815051001,-0.5287571767487735,0.1701092797028005
confirmation,15,4,-0.1747835796734674,-0.13203233727331753,0.17646519437744163,4.62,5.38,-1.35,1.35,4.857602899247967,5.150342990040075,-0.6759600947559585,0.009560209001350461
confirmation,15,5,-0.1747835796734674,-0.13203233727331753,0.19697379320661929,5.62,6.38,-1.35,1.35,5.835338338930868,6.136672080440749,-0.3433832255827385,0.2394954219505956
confirmation,15,6,-0.1747835796734674,-0.13203233727331753,0.18625930701090576,6.62,7.38,-1.35,1.35,6.778288413622736,7.093253972837765,0.16743589384759905,0.8161687067926853
confirmation,16,0,-0.08585561465586897,-0.32453199545689987,0.21078014365455888,0.62,1.38,-1.35,1.35,0.8656252195158013,1.2467721970376107,0.03874840754909606,0.4178400901034971
confirmation,16,1,-0.08585561465586897,-0.32453199545689987,0.1660447255200786,1.62,2.38,-1.35,1.35,1.7515838459270299,2.009082166194005,-0.6181155410928362,-0.17424135189162074
confirmation,16,2,-0.08585561465586897,-0.32453199545689987,0.20418883022778936,2.62,3.38,-1.35,1.35,2.907774183961879,3.1916940448470457,-0.27621151643447994,0.3545068501693799
confirmation,16,3,-0.08585561465586897,-0.32453199545689987,0.1772659932976648,3.62,4.38,-1.35,1.35,3.8680923596300865,4.142521864705122,-0.1250897685655411,0.4760966919893751
confirmation,16,4,-0.08585561465586897,-0.32453199545689987,0.16765214303793996,4.62,5.38,-1.35,1.35,4.778801437042748,5.135160689405696,-0.6320313164174026,-0.2322964287775432
confirmation,16,5,-0.08585561465586897,-0.32453199545689987,0.1737617117807383,5.62,6.38,-1.35,1.35,5.939267398075122,6.251021321748164,-0.5806586457781479,-0.1853637294028995
confirmation,16,6,-0.08585561465586897,-0.32453199545689987,0.18126555942841968,6.62,7.38,-1.35,1.35,6.779968159411714,7.112905011329831,-0.13044040580724126,0.3012879949609788
confirmation,17,0,-0.26844383493313917,0.28929312563419873,0.1599890656302596,0.62,1.38,-1.35,1.35,0.7248324300188909,1.1226198506258114,-0.26706411629528704,0.4338500143750893
confirmation,17,1,-0.26844383493313917,0.28929312563419873,0.19945498644608844,1.62,2.38,-1.35,1.35,1.780368363344115,2.0450985655570744,-0.6445718135755003,-0.11923617388067614
confirmation,17,2,-0.26844383493313917,0.28929312563419873,0.2196606778605606,2.62,3.38,-1.35,1.35,2.7463158965589827,3.042303585504153,-0.16046686204392785,0.28441146585498395
confirmation,17,3,-0.26844383493313917,0.28929312563419873,0.18277812722055442,3.62,4.38,-1.35,1.35,3.8070940613736868,4.085033350954677,-0.47605127631914934,-0.03899915898531536
confirmation,17,4,-0.26844383493313917,0.28929312563419873,0.20445779864644115,4.62,5.38,-1.35,1.35,4.732054097782632,5.041505510022943,-0.18326472289866474,0.36314079786461745
confirmation,17,5,-0.26844383493313917,0.28929312563419873,0.20686686554201464,5.62,6.38,-1.35,1.35,5.848605217706593,6.140796698179837,-0.5576541653137512,0.16158676352125528
confirmation,17,6,-0.26844383493313917,0.28929312563419873,0.19854222950204112,6.62,7.38,-1.35,1.35,6.780325886460697,7.179484291510506,-0.3827035212538762,-0.001760660964611388
confirmation,18,0,0.2380911963380264,0.2959028157565723,0.21228100474582504,0.62,1.38,-1.35,1.35,0.7641933641682336,1.1185119858893793,-0.5414868872021655,-0.10813780893551686
confirmation,18,1,0.2380911963380264,0.2959028157565723,0.16591838524368893,1.62,2.38,-1.35,1.35,1.9195288124111347,2.285288672327647,-0.6862084322103301,0.025351900955703277
confirmation,18,2,0.2380911963380264,0.2959028157565723,0.21640228434966902,2.62,3.38,-1.35,1.35,2.7712824723016953,2.999892892371052,-0.40679153718536015,0.16153397580903223
confirmation,18,3,0.2380911963380264,0.2959028157565723,0.20766805425768614,3.62,4.38,-1.35,1.35,3.8100205436177568,4.052059204538534,-0.569971736944426,0.005546352707288427
confirmation,18,4,0.2380911963380264,0.2959028157565723,0.16320893045857032,4.62,5.38,-1.35,1.35,4.739664120885419,5.040122172782007,-0.703624068505452,-0.18172237368443384
confirmation,18,5,0.2380911963380264,0.2959028157565723,0.15179315316263675,5.62,6.38,-1.35,1.35,6.004954008408397,6.226325978334845,-0.5129901745748465,0.06273618063594133
confirmation,18,6,0.2380911963380264,0.2959028157565723,0.16543283131248193,6.62,7.38,-1.35,1.35,6.9347426044760985,7.1994552720610825,-0.43295738405752027,0.06216142739653055
confirmation,19,0,0.11390125676802935,-0.12437102303016567,0.17786294355645588,0.62,1.38,-1.35,1.35,0.732607643671814,1.0778516942709808,-0.7722020901584451,-0.07789772292844244
confirmation,19,1,0.11390125676802935,-0.12437102303016567,0.18566797824576442,1.62,2.38,-1.35,1.35,1.857049587671362,2.2266416837864065,-0.7050075948793955,0.03745645700299077
confirmation,19,2,0.11390125676802935,-0.12437102303016567,0.1690110494706658,2.62,3.38,-1.35,1.35,2.922706265451775,3.296214121183306,0.09249493130272918,0.782649693882826
confirmation,19,3,0.11390125676802935,-0.12437102303016567,0.19974409375761143,3.62,4.38,-1.35,1.35,3.7849034808803883,4.023536140333731,-0.14081331911412343,0.5814161421332289
confirmation,19,4,0.11390125676802935,-0.12437102303016567,0.18377642651225135,4.62,5.38,-1.35,1.35,4.737153719613187,5.111744629598646,-0.6831733385419447,-0.26072620080774694
confirmation,19,5,0.11390125676802935,-0.12437102303016567,0.17710683724985443,5.62,6.38,-1.35,1.35,5.848851707511422,6.222474574449546,0.14251059432049062,0.7435032694508371
confirmation,19,6,0.11390125676802935,-0.12437102303016567,0.1739417134225356,6.62,7.38,-1.35,1.35,6.956715605227745,7.224992712468363,-0.6594819884376049,-0.20895111487464746
confirmation,20,0,-0.11839221521954961,0.10041349052082678,0.1929578056879132,0.62,1.38,-1.35,1.35,0.8518305453155304,1.2296155897086527,-0.2833457455290549,0.15829690451093217
confirmation,20,1,-0.11839221521954961,0.10041349052082678,0.17815987465136174,1.62,2.38,-1.35,1.35,1.873696373346967,2.170911489152196,0.0413003678576985,0.4910533748687912
confirmation,20,2,-0.11839221521954961,0.10041349052082678,0.15069317664416246,2.62,3.38,-1.35,1.35,2.8300300854560856,3.139971630137876,-0.12210630859466076,0.2669935892131292
confirmation,20,3,-0.11839221521954961,0.10041349052082678,0.16883442578411936,3.62,4.38,-1.35,1.35,3.854726222572218,4.2404184406448895,0.022075948418311175,0.40625933772693046
confirmation,20,4,-0.11839221521954961,0.10041349052082678,0.22970241718652368,4.62,5.38,-1.35,1.35,4.900344707709599,5.234914392613647,-0.07541583140593688,0.5459843190560204
confirmation,20,5,-0.11839221521954961,0.10041349052082678,0.18605133477540686,5.62,6.38,-1.35,1.35,5.969186018345907,6.268540051978189,-0.18991861223038758,0.5346198724990667
confirmation,20,6,-0.11839221521954961,0.10041349052082678,0.19396851071819332,6.62,7.38,-1.35,1.35,6.8214649658151245,7.16256946509886,-0.4755205804888419,0.05247435217845303
confirmation,21,0,-0.2104739749397217,-0.016326335246797097,0.21710819767948347,0.62,1.38,-1.35,1.35,0.899037047132248,1.1565821740149496,-0.2303677203115023,0.1576249843869962
confirmation,21,1,-0.2104739749397217,-0.016326335246797097,0.19098023657934085,1.62,2.38,-1.35,1.35,1.9536625033841641,2.2766856753190776,-0.6538604259853185,-0.23318106386835308
confirmation,21,2,-0.2104739749397217,-0.016326335246797097,0.15914283471134819,2.62,3.38,-1.35,1.35,2.848605821834196,3.118367899568994,-0.1442774567307149,0.5526911859999727
confirmation,21,3,-0.2104739749397217,-0.016326335246797097,0.19560149521462356,3.62,4.38,-1.35,1.35,3.855442707399192,4.205511415683784,-0.7158235505151217,-0.26159071760068275
confirmation,21,4,-0.2104739749397217,-0.016326335246797097,0.22682662851203533,4.62,5.38,-1.35,1.35,4.75942017095391,5.038388117152935,0.13080967978053631,0.5901400237278087
confirmation,21,5,-0.2104739749397217,-0.016326335246797097,0.16119499050048744,5.62,6.38,-1.35,1.35,5.790553242651016,6.092991638773376,-0.2201450499373288,0.5364939643177642
confirmation,21,6,-0.2104739749397217,-0.016326335246797097,0.19089331698227235,6.62,7.38,-1.35,1.35,6.87153935216506,7.211793164960145,-0.6154944911186041,-0.06502088339164758
confirmation,22,0,0.11661136219594705,-0.05808927107408783,0.2200600373909538,0.62,1.38,-1.35,1.35,0.9229114200880406,1.3147623603610963,-0.2840510009692674,0.12367226775489984
confirmation,22,1,0.11661136219594705,-0.05808927107408783,0.17449369714031587,1.62,2.38,-1.35,1.35,1.8342638251378267,2.233961117936587,-0.15972678632781034,0.3012190615059197
confirmation,22,2,0.11661136219594705,-0.05808927107408783,0.20923850674429614,2.62,3.38,-1.35,1.35,2.947907101377476,3.216435874380501,-0.32587501578705896,0.1311682371318546
confirmation,22,3,0.11661136219594705,-0.05808927107408783,0.21815194188756784,3.62,4.38,-1.35,1.35,3.769245268584559,4.04402726745139,0.2121087594077813,0.6403431574892642
confirmation,22,4,0.11661136219594705,-0.05808927107408783,0.21102051590455073,4.62,5.38,-1.35,1.35,4.929381683035306,5.196233696558608,-0.7099483798990744,-0.21863661226252448
confirmation,22,5,0.11661136219594705,-0.05808927107408783,0.16788548703767053,5.62,6.38,-1.35,1.35,5.961190753457098,6.196877392852871,0.12610692673736956,0.6591474427508159
confirmation,22,6,0.11661136219594705,-0.05808927107408783,0.1638656850497004,6.62,7.38,-1.35,1.35,6.740576367008095,7.114827079390511,0.062491334099184226,0.6548823082854305
confirmation,23,0,0.26297321077044905,-0.31013208342291365,0.15859904811055223,0.62,1.38,-1.35,1.35,0.7611701868229956,1.0882384866777688,-0.32260482221753706,0.16479047200113794
confirmation,23,1,0.26297321077044905,-0.31013208342291365,0.19516939752474927,1.62,2.38,-1.35,1.35,1.7847066438294756,2.1692253551216236,-0.2415406547402818,0.32285908493817644
confirmation,23,2,0.26297321077044905,-0.31013208342291365,0.18409858508943724,2.62,3.38,-1.35,1.35,2.7809439508575213,3.0426446141605554,0.21520205737272632,0.5763365745963708
confirmation,23,3,0.26297321077044905,-0.31013208342291365,0.1729853670716477,3.62,4.38,-1.35,1.35,3.835932176315678,4.0800934171913665,-0.1196614246495386,0.41187318873736317
confirmation,23,4,0.26297321077044905,-0.31013208342291365,0.1568630857741405,4.62,5.38,-1.35,1.35,4.830723144368398,5.199656300610779,-0.22830492107289213,0.18711665444585057
confirmation,23,5,0.26297321077044905,-0.31013208342291365,0.22476055510188875,5.62,6.38,-1.35,1.35,5.846990688501527,6.0937568136716775,-0.0834882854541896,0.36162811245119486
confirmation,23,6,0.26297321077044905,-0.31013208342291365,0.15214043110928774,6.62,7.38,-1.35,1.35,6.83448403124755,7.081977668722583,0.19156043502795794,0.6252532247218107
confirmation,24,0,-0.29505523665750827,0.15879606395873258,0.16911295776947435,0.62,1.38,-1.35,1.35,0.9394342361891965,1.1704638886667373,-0.1710853334848789,0.32439813444231647
confirmation,24,1,-0.29505523665750827,0.15879606395873258,0.1725552302444995,1.62,2.38,-1.35,1.35,1.8315706667537843,2.204252801245224,-0.28353737495500664,0.34669248998959834
confirmation,24,2,-0.29505523665750827,0.15879606395873258,0.20689022828633746,2.62,3.38,-1.35,1.35,2.8048747289122606,3.115915279495763,-0.5887531882202128,-0.06905736671130192
confirmation,24,3,-0.29505523665750827,0.15879606395873258,0.17382206840045128,3.62,4.38,-1.35,1.35,3.8596925684013867,4.110693389274482,-0.49590043542714074,0.18039629595978085
confirmation,24,4,-0.29505523665750827,0.15879606395873258,0.15889436976691182,4.62,5.38,-1.35,1.35,4.978541070537711,5.243068701323656,-0.2668628504583897,0.28582210121095036
confirmation,24,5,-0.29505523665750827,0.15879606395873258,0.1986592011496764,5.62,6.38,-1.35,1.35,5.773982353917929,6.0196591790449405,0.14206841872128595,0.8394664147748976
confirmation,24,6,-0.29505523665750827,0.15879606395873258,0.185168119785369,6.62,7.38,-1.35,1.35,6.883672861400673,7.197262090892246,-0.4235640522518921,0.01759988105067642
confirmation,25,0,-0.09337830208895827,0.3385656210846988,0.19680498267070046,0.62,1.38,-1.35,1.35,0.9019762528735602,1.2241611516535644,-0.6251254787179986,-0.08613695365906848
confirmation,25,1,-0.09337830208895827,0.3385656210846988,0.22872922792707465,1.62,2.38,-1.35,1.35,1.8392675067895266,2.098483171480715,0.04593891867921146,0.5467862945666995
confirmation,25,2,-0.09337830208895827,0.3385656210846988,0.1616819215059143,2.62,3.38,-1.35,1.35,2.798279503095083,3.075424390426374,-0.832502581128385,-0.1592523264453276
confirmation,25,3,-0.09337830208895827,0.3385656210846988,0.20294254087738556,3.62,4.38,-1.35,1.35,3.953531994606822,4.197774710696183,-0.37479727851196704,0.17852158017702385
confirmation,25,4,-0.09337830208895827,0.3385656210846988,0.17009480617683118,4.62,5.38,-1.35,1.35,4.801544747757887,5.051766689646643,-0.08231822100980984,0.5592798183988879
confirmation,25,5,-0.09337830208895827,0.3385656210846988,0.202336405453395,5.62,6.38,-1.35,1.35,5.956326610308223,6.26318172876882,-0.05642536518213198,0.48862598980262145
confirmation,25,6,-0.09337830208895827,0.3385656210846988,0.20799900591920026,6.62,7.38,-1.35,1.35,6.759652384028438,7.075441838081279,-0.541913372825407,0.0012593553486802689
confirmation,26,0,-0.08813773277507828,-0.023329267704778556,0.20561762120747726,0.62,1.38,-1.35,1.35,0.7805646796852175,1.0532018619473225,0.1579419965004875,0.6882115434169214
confirmation,26,1,-0.08813773277507828,-0.023329267704778556,0.16353113323597462,1.62,2.38,-1.35,1.35,1.7709181401141925,2.158820597943226,0.12529380588320993,0.8005695879942399
confirmation,26,2,-0.08813773277507828,-0.023329267704778556,0.16931991303219737,2.62,3.38,-1.35,1.35,2.883552277179999,3.121141914831475,-0.36462333962813864,0.22459365878676452
confirmation,26,3,-0.08813773277507828,-0.023329267704778556,0.18637222721356994,3.62,4.38,-1.35,1.35,3.877066147554392,4.233429006831803,0.11165362173858684,0.5706611974619311
confirmation,26,4,-0.08813773277507828,-0.023329267704778556,0.16596342922888982,4.62,5.38,-1.35,1.35,4.835559879847517,5.172890060761708,-0.30597277297986414,0.06712315520380865
confirmation,26,5,-0.08813773277507828,-0.023329267704778556,0.18960160617171426,5.62,6.38,-1.35,1.35,5.860529617427982,6.151735317567212,-0.13776917728107613,0.26235704308631164
confirmation,26,6,-0.08813773277507828,-0.023329267704778556,0.20040977807385071,6.62,7.38,-1.35,1.35,6.899039593119894,7.272762288554616,-0.497349788562076,-0.08631983858645287
confirmation,27,0,0.15273998654010928,0.1638775382012419,0.18666361337945694,0.62,1.38,-1.35,1.35,0.7732682266977756,1.0746967370971285,0.18483539815969235,0.7430254580461799
confirmation,27,1,0.15273998654010928,0.1638775382012419,0.1579602672470621,1.62,2.38,-1.35,1.35,1.8509937269155423,2.2222961838837523,-0.1896536257738054,0.5642825892762341
confirmation,27,2,0.15273998654010928,0.1638775382012419,0.1994942049534266,2.62,3.38,-1.35,1.35,2.7493332868998266,3.061980772003957,-0.5017574806672026,-0.10484030036143832
confirmation,27,3,0.15273998654010928,0.1638775382012419,0.20827568223589885,3.62,4.38,-1.35,1.35,3.8672096471037243,4.117688967429665,0.06927247217255159,0.5561812808412326
confirmation,27,4,0.15273998654010928,0.1638775382012419,0.21795209298721543,4.62,5.38,-1.35,1.35,4.925948973464522,5.2324118594177955,-0.7002020033162507,-0.25450107771311725
confirmation,27,5,0.15273998654010928,0.1638775382012419,0.2155427792481143,5.62,6.38,-1.35,1.35,5.759614622145913,6.140890200121246,-0.19276523119973946,0.28382873028586997
confirmation,27,6,0.15273998654010928,0.1638775382012419,0.22471419260627862,6.62,7.38,-1.35,1.35,6.892075111857918,7.189996901817051,-0.44224499668615014,0.07904201071413475
confirmation,28,0,-0.16779684987288088,-0.0863616786297131,0.1938457022536816,0.62,1.38,-1.35,1.35,0.9408111719479765,1.247849873058768,-0.132471430899731,0.5004618408075965
confirmation,28,1,-0.16779684987288088,-0.0863616786297131,0.22827995091704317,1.62,2.38,-1.35,1.35,1.8712981995952616,2.1792262146820676,-0.22716191086404625,0.37044973154524785
confirmation,28,2,-0.16779684987288088,-0.0863616786297131,0.18660275057994655,2.62,3.38,-1.35,1.35,2.771450839131003,3.140249117820495,-0.09951935580107948,0.3346547700488426
confirmation,28,3,-0.16779684987288088,-0.0863616786297131,0.1817098114087018,3.62,4.38,-1.35,1.35,3.8938825189219526,4.1602732605207144,0.21944809696474618,0.6637498095319597
confirmation,28,4,-0.16779684987288088,-0.0863616786297131,0.21447327444667477,4.62,5.38,-1.35,1.35,4.96982220786165,5.2115390570512385,0.1076493907120355,0.4992599799818127
confirmation,28,5,-0.16779684987288088,-0.0863616786297131,0.18720199290002665,5.62,6.38,-1.35,1.35,5.788046175771082,6.109965102976473,-0.2838452912298606,0.46244277586801164
confirmation,28,6,-0.16779684987288088,-0.0863616786297131,0.19312810828853325,6.62,7.38,-1.35,1.35,6.78148106255026,7.109020258288621,0.14436774441935807,0.6749616170033117
confirmation,29,0,-0.18873684115682948,0.06874508859930557,0.1776284524428356,0.62,1.38,-1.35,1.35,0.7594883457336953,1.1498402462299262,-0.715876746226908,-0.06231534565065583
confirmation,29,1,-0.18873684115682948,0.06874508859930557,0.15544687474715096,1.62,2.38,-1.35,1.35,1.7197568878144607,2.0869411288975543,-0.5321866957565431,-0.16705582969085803
confirmation,29,2,-0.18873684115682948,0.06874508859930557,0.22310649889170434,2.62,3.38,-1.35,1.35,2.8860694377466136,3.1066950178567674,-0.7941147027758569,-0.13141607751539908
confirmation,29,3,-0.18873684115682948,0.06874508859930557,0.2259993093090727,3.62,4.38,-1.35,1.35,3.967580456902998,4.256215935825398,-0.15147888309237129,0.4607162890163277
confirmation,29,4,-0.18873684115682948,0.06874508859930557,0.1658433140244644,4.62,5.38,-1.35,1.35,4.838988428420021,5.11157486787203,0.15029668909525,0.6593661019414601
confirmation,29,5,-0.18873684115682948,0.06874508859930557,0.1854262500727553,5.62,6.38,-1.35,1.35,5.823171134772376,6.095044460967331,-0.24230232482542396,0.35856113691092834
confirmation,29,6,-0.18873684115682948,0.06874508859930557,0.17607471874323305,6.62,7.38,-1.35,1.35,6.735604806509148,7.121541106056023,-0.4159049476860146,-0.03557981387188325
confirmation,30,0,-0.27923487071083336,0.046058041396336756,0.21045616289672925,0.62,1.38,-1.35,1.35,0.7757167039846307,1.035968339075897,0.27016361287500046,0.6697409038150848
confirmation,30,1,-0.27923487071083336,0.046058041396336756,0.17482051367464588,1.62,2.38,-1.35,1.35,1.8907703743365982,2.1345861230398895,-0.654007843733849,-0.08801528021621113
confirmation,30,2,-0.27923487071083336,0.046058041396336756,0.2123963437024626,2.62,3.38,-1.35,1.35,2.7999924044667517,3.0865670012108786,-0.10063760387078324,0.5078069118479931
confirmation,30,3,-0.27923487071083336,0.046058041396336756,0.1795306981057467,3.62,4.38,-1.35,1.35,3.8464698810100946,4.134394787886722,-0.5053482336977416,-0.05087386318627232
confirmation,30,4,-0.27923487071083336,0.046058041396336756,0.15059181159465376,4.62,5.38,-1.35,1.35,4.931670978248252,5.20927534945042,-0.6445067930358636,0.07014436318946549
confirmation,30,5,-0.27923487071083336,0.046058041396336756,0.199583501164632,5.62,6.38,-1.35,1.35,5.757852844895264,6.154560015533158,0.09286470782956288,0.4940538024377793
confirmation,30,6,-0.27923487071083336,0.046058041396336756,0.1708231324743532,6.62,7.38,-1.35,1.35,6.727034664101206,7.1025456631964765,0.12301774972903068,0.5433694524704255
confirmation,31,0,0.09732131617975492,-0.14273205385767215,0.20743058375873327,0.62,1.38,-1.35,1.35,0.8407028471383103,1.2175896982096528,-0.12355545291967482,0.33683776054455106
confirmation,31,1,0.09732131617975492,-0.14273205385767215,0.16970100292541143,1.62,2.38,-1.35,1.35,1.8027007130003414,2.108963943135027,-0.6443711990008083,0.07743208744099278
confirmation,31,2,0.09732131617975492,-0.14273205385767215,0.2182221838537358,2.62,3.38,-1.35,1.35,2.814503158049324,3.2000566412381204,0.0894927512422633,0.7724483568384034
confirmation,31,3,0.09732131617975492,-0.14273205385767215,0.15313383617171586,3.62,4.38,-1.35,1.35,3.8832024124244544,4.161430231470527,-0.19892220524560922,0.5164581769107104
confirmation,31,4,0.09732131617975492,-0.14273205385767215,0.18279357493394918,4.62,5.38,-1.35,1.35,4.895544248615742,5.122116864465255,0.0850748602934491,0.5563717799998863
confirmation,31,5,0.09732131617975492,-0.14273205385767215,0.22633359049826457,5.62,6.38,-1.35,1.35,5.809712771940854,6.167471434233988,-0.41549869829405234,0.11576768887062833
confirmation,31,6,0.09732131617975492,-0.14273205385767215,0.1581512943501246,6.62,7.38,-1.35,1.35,6.990764670900523,7.240906397896273,-0.06642676357641802,0.6009562242075517
confirmation,32,0,0.16699098424529984,-0.2634375101051049,0.1749866937849777,0.62,1.38,-1.35,1.35,0.8700641797806671,1.21656650377629,-0.44351030251821183,-0.051047499054712564
confirmation,32,1,0.16699098424529984,-0.2634375101051049,0.18854275844637253,1.62,2.38,-1.35,1.35,1.941949247667846,2.2809356223166586,0.15289480931501018,0.5828042091422911
confirmation,32,2,0.16699098424529984,-0.2634375101051049,0.19819635012775771,2.62,3.38,-1.35,1.35,2.816485248701373,3.1460532720231362,-0.6340447654569188,-0.15718777651894109
confirmation,32,3,0.16699098424529984,-0.2634375101051049,0.1901484412216897,3.62,4.38,-1.35,1.35,3.8824387218011878,4.104087559069693,-0.7274063808991933,-0.22525916270380225
confirmation,32,4,0.16699098424529984,-0.2634375101051049,0.1574775382790402,4.62,5.38,-1.35,1.35,4.803713297656652,5.177980606769579,-0.3363999731146424,0.3951050201867631
confirmation,32,5,0.16699098424529984,-0.2634375101051049,0.166175550287992,5.62,6.38,-1.35,1.35,5.70787943970716,6.08532292344243,-0.004998843983339107,0.6498959150225048
confirmation,32,6,0.16699098424529984,-0.2634375101051049,0.16721833428382304,6.62,7.38,-1.35,1.35,6.902348689550581,7.1937523174538205,-0.23732366403642646,0.5205288033638036
confirmation,33,0,-0.09581286649674726,-0.2519476804656479,0.16884603123653538,0.62,1.38,-1.35,1.35,0.8755882242658435,1.2146608188463859,-0.0717051482945483,0.35980675881889446
confirmation,33,1,-0.09581286649674726,-0.2519476804656479,0.1655999267827183,1.62,2.38,-1.35,1.35,1.8455716370484492,2.1926067040582113,-0.4721118791920894,0.2324030856993019
confirmation,33,2,-0.09581286649674726,-0.2519476804656479,0.20877889548570386,2.62,3.38,-1.35,1.35,2.8838414552693745,3.235314386392372,0.08798644146975662,0.5649243284414951
confirmation,33,3,-0.09581286649674726,-0.2519476804656479,0.15286617366762797,3.62,4.38,-1.35,1.35,3.8293231445069686,4.188503207493328,-0.7582896316814668,-0.06224493375439055
confirmation,33,4,-0.09581286649674726,-0.2519476804656479,0.2210714908700811,4.62,5.38,-1.35,1.35,4.758624857583181,5.038506829309458,0.10528249307030332,0.5845870239777233
confirmation,33,5,-0.09581286649674726,-0.2519476804656479,0.15437400514426522,5.62,6.38,-1.35,1.35,5.740128156554723,6.132115851142723,-0.21639894927385173,0.42344578318931914
confirmation,33,6,-0.09581286649674726,-0.2519476804656479,0.18757999147226162,6.62,7.38,-1.35,1.35,6.736304379325961,7.06887085385134,0.00370263629312792,0.5023453370252314
confirmation,34,0,-0.29702138897692953,-0.12195235244798196,0.21881703124454072,0.62,1.38,-1.35,1.35,0.8563760376382583,1.1215274790542968,-0.2765490587565342,0.4415687500662659
confirmation,34,1,-0.29702138897692953,-0.12195235244798196,0.18059132105930897,1.62,2.38,-1.35,1.35,1.916447929015504,2.2744054313851167,-0.31221733269563245,0.18659440941501707
confirmation,34,2,-0.29702138897692953,-0.12195235244798196,0.21349012013387342,2.62,3.38,-1.35,1.35,2.749925928338818,3.140930236215936,0.16943854330201547,0.7419752682472981
confirmation,34,3,-0.29702138897692953,-0.12195235244798196,0.1539025043696814,3.62,4.38,-1.35,1.35,3.947463700042661,4.277117783368757,-0.7587376282892937,-0.10276516665549607
confirmation,34,4,-0.29702138897692953,-0.12195235244798196,0.1890984401963531,4.62,5.38,-1.35,1.35,4.7457990609732645,5.094882049025514,-0.49782756685202273,0.16972176600043937
confirmation,34,5,-0.29702138897692953,-0.12195235244798196,0.20066830919108464,5.62,6.38,-1.35,1.35,5.789525746205715,6.147780943095546,0.02582531734322946,0.42060484740388016
confirmation,34,6,-0.29702138897692953,-0.12195235244798196,0.21431066123338277,6.62,7.38,-1.35,1.35,6.885467290066478,7.250493392378148,-0.02439169817037351,0.574927082200555
confirmation,35,0,0.1684152253244483,-0.27186524752479013,0.16687861138364155,0.62,1.38,-1.35,1.35,0.849930108594593,1.1013690823608415,-0.7221603236145233,-0.23111141118743664
confirmation,35,1,0.1684152253244483,-0.27186524752479013,0.17719285241351948,1.62,2.38,-1.35,1.35,1.9458342918620413,2.1967796763541654,0.11403810701937941,0.5634977357512208
confirmation,35,2,0.1684152253244483,-0.27186524752479013,0.16972626394822352,2.62,3.38,-1.35,1.35,2.79574545254681,3.060806822708537,-0.5879657982281707,0.059324417053252754
confirmation,35,3,0.1684152253244483,-0.27186524752479013,0.18845937651636527,3.62,4.38,-1.35,1.35,3.841478426631853,4.119945944271026,-0.24634849697104833,0.3234429070781488
confirmation,35,4,0.1684152253244483,-0.27186524752479013,0.2228372794475004,4.62,5.38,-1.35,1.35,4.9208428880964465,5.1563400348060995,0.12327194734921304,0.7311617993415895
confirmation,35,5,0.1684152253244483,-0.27186524752479013,0.1835707829941039,5.62,6.38,-1.35,1.35,5.861335213376943,6.258475472177439,-0.5514315580848118,0.11252867964696034
confirmation,35,6,0.1684152253244483,-0.27186524752479013,0.19394109990975195,6.62,7.38,-1.35,1.35,6.797183983131467,7.154981694110503,-0.07494285740517975,0.3933195151830468
confirmation,36,0,-0.21046525686669387,0.1304607962453385,0.2270746108277823,0.62,1.38,-1.35,1.35,0.9205869710209759,1.2308096714120975,-0.567904702954014,-0.10235685117876078
confirmation,36,1,-0.21046525686669387,0.1304607962453385,0.20060223380971634,1.62,2.38,-1.35,1.35,1.8525251757552723,2.2519239214340665,-0.4379384326035299,0.037441992529258894
confirmation,36,2,-0.21046525686669387,0.1304607962453385,0.1743586429948438,2.62,3.38,-1.35,1.35,2.824845838637295,3.1305552395919842,-0.33005307466987416,0.048525577801764974
confirmation,36,3,-0.21046525686669387,0.1304607962453385,0.16902829976002803,3.62,4.38,-1.35,1.35,3.709088581946139,4.092825126177327,-0.10176374933311155,0.33880199677651607
confirmation,36,4,-0.21046525686669387,0.1304607962453385,0.1530621884177448,4.62,5.38,-1.35,1.35,4.843783173349031,5.164525802345837,-0.5078439050547423,0.24490513258122526
confirmation,36,5,-0.21046525686669387,0.1304607962453385,0.2237052797227763,5.62,6.38,-1.35,1.35,5.748456480566542,6.092247939517877,-0.040457559262556786,0.5375946513844313
confirmation,36,6,-0.21046525686669387,0.1304607962453385,0.2254025584715369,6.62,7.38,-1.35,1.35,6.921988786603832,7.163386239929714,-0.4096276124585187,0.050535060071579874
confirmation,37,0,-0.22568769274003184,0.3252053582539266,0.15575272264048554,0.62,1.38,-1.35,1.35,0.8851468634297913,1.1935156365115933,-0.688006880620409,-0.04399725809470312
confirmation,37,1,-0.22568769274003184,0.3252053582539266,0.2053426563542044,1.62,2.38,-1.35,1.35,1.773955070720941,2.161038321505756,-0.7173646901715292,0.02699634705171855
confirmation,37,2,-0.22568769274003184,0.3252053582539266,0.2157268911701367,2.62,3.38,-1.35,1.35,2.919254984474715,3.1787940233517262,-0.8038096607414182,-0.11180671208383708
confirmation,37,3,-0.22568769274003184,0.3252053582539266,0.1846179693986392,3.62,4.38,-1.35,1.35,3.9408256300662536,4.23768468188479,0.13411817787671554,0.6968215154863464
confirmation,37,4,-0.22568769274003184,0.3252053582539266,0.16973825521390135,4.62,5.38,-1.35,1.35,4.827178691964398,5.182471107238546,-0.5773327004419755,-0.03655448177017401
confirmation,37,5,-0.22568769274003184,0.3252053582539266,0.17815788048433054,5.62,6.38,-1.35,1.35,5.750983813215544,6.020238419076,-0.3226975431654512,0.2487227032952145
confirmation,37,6,-0.22568769274003184,0.3252053582539266,0.1778136438357791,6.62,7.38,-1.35,1.35,6.972758604969968,7.247834471339219,-0.6892196175535764,0.050925074394709946
confirmation,38,0,-0.12761314890548422,-0.29265342799555344,0.2213074395689927,0.62,1.38,-1.35,1.35,0.7998035733168976,1.0371676592688237,-0.27850095167667177,0.16544588926334025
confirmation,38,1,-0.12761314890548422,-0.29265342799555344,0.18219239350044186,1.62,2.38,-1.35,1.35,1.7999329314380077,2.1299277170394957,-0.18833420902442374,0.21225454517809259
confirmation,38,2,-0.12761314890548422,-0.29265342799555344,0.2144856512858226,2.62,3.38,-1.35,1.35,2.962527995009297,3.204095626012828,-0.480063110892042,0.17022194117647815
confirmation,38,3,-0.12761314890548422,-0.29265342799555344,0.20506879318698382,3.62,4.38,-1.35,1.35,3.758444511620571,4.009339868686866,-0.22014526966726505,0.4851749492341278
confirmation,38,4,-0.12761314890548422,-0.29265342799555344,0.18251619000354807,4.62,5.38,-1.35,1.35,4.7687136419083,5.058095995353052,-0.5624947008025409,0.10770505850738221
confirmation,38,5,-0.12761314890548422,-0.29265342799555344,0.17474380977877071,5.62,6.38,-1.35,1.35,5.8745323122711985,6.157831808835554,-0.5041997086560952,0.17407615439926555
confirmation,38,6,-0.12761314890548422,-0.29265342799555344,0.16975089362514156,6.62,7.38,-1.35,1.35,6.80094103295199,7.110256552686171,0.19258007263039123,0.7733974674110362
confirmation,39,0,0.09897769588768421,0.054957037594533124,0.21755180550500136,0.62,1.38,-1.35,1.35,0.8479410217900564,1.0909211773491823,-0.33833282843323714,0.09446456055851765
confirmation,39,1,0.09897769588768421,0.054957037594533124,0.2273649711064124,1.62,2.38,-1.35,1.35,1.9183472457708584,2.246311009262015,-0.5037857317453482,0.07942082847247112
confirmation,39,2,0.09897769588768421,0.054957037594533124,0.19776950423991982,2.62,3.38,-1.35,1.35,2.78498517223653,3.151292240878836,-0.33673465909245154,0.07151222712705713
confirmation,39,3,0.09897769588768421,0.054957037594533124,0.15287342082036795,3.62,4.38,-1.35,1.35,3.827281193025182,4.2038427835018135,-0.6722263757191415,-0.23757328745433473
confirmation,39,4,0.09897769588768421,0.054957037594533124,0.18683245210592153,4.62,5.38,-1.35,1.35,4.84481668718907,5.110764431774012,-0.1748458676376158,0.2828451247321536
confirmation,39,5,0.09897769588768421,0.054957037594533124,0.17999610674630395,5.62,6.38,-1.35,1.35,5.863940897719584,6.17518640948978,0.12402078509294664,0.5739891492288856
confirmation,39,6,0.09897769588768421,0.054957037594533124,0.15481340376699587,6.62,7.38,-1.35,1.35,6.921583228778628,7.302344428422927,-0.665129032567447,-0.18410449166013595
confirmation,40,0,-0.001058658424177783,0.1621902362526371,0.1556063538320509,0.62,1.38,-1.35,1.35,0.8290036362594002,1.1710271371871597,0.17317472987011362,0.7699518468641542
confirmation,40,1,-0.001058658424177783,0.1621902362526371,0.15901478474619604,1.62,2.38,-1.35,1.35,1.8770261252133427,2.2709574446205183,-0.25239225274792,0.37581811165710566
confirmation,40,2,-0.001058658424177783,0.1621902362526371,0.17158594798862697,2.62,3.38,-1.35,1.35,2.9268846025132333,3.307899545086868,0.04510572306775007,0.45593821036803694
confirmation,40,3,-0.001058658424177783,0.1621902362526371,0.20699749812844742,3.62,4.38,-1.35,1.35,3.7536439986436214,4.113230103553452,0.009726186700167505,0.5242504047828904
confirmation,40,4,-0.001058658424177783,0.1621902362526371,0.1576912261552929,4.62,5.38,-1.35,1.35,4.833484375523114,5.158695697698859,-0.15916514325920167,0.43311596752722586
confirmation,40,5,-0.001058658424177783,0.1621902362526371,0.20573297329178286,5.62,6.38,-1.35,1.35,5.923144398029197,6.2457520268555315,-0.20397532260144274,0.2364595292077774
confirmation,40,6,-0.001058658424177783,0.1621902362526371,0.21062577646511957,6.62,7.38,-1.35,1.35,6.8292779575561635,7.216658733311126,-0.4261033492780797,-0.029659741394710615
confirmation,41,0,-0.23681817099107377,0.08139850107732034,0.15484114709333874,0.62,1.38,-1.35,1.35,0.9318742582046604,1.1950477757382365,-0.4173120108547576,0.19214081670934874
confirmation,41,1,-0.23681817099107377,0.08139850107732034,0.17007502734211258,1.62,2.38,-1.35,1.35,1.9709965708509092,2.255339864178718,-0.0052384952095962944,0.583589427557103
confirmation,41,2,-0.23681817099107377,0.08139850107732034,0.20498165787913833,2.62,3.38,-1.35,1.35,2.851500421870341,3.220319707626004,-0.6582712121910452,0.03817842608214228
confirmation,41,3,-0.23681817099107377,0.08139850107732034,0.19891781161706157,3.62,4.38,-1.35,1.35,3.8176224682114865,4.057802455861568,0.13097853949493377,0.7788059716213936
confirmation,41,4,-0.23681817099107377,0.08139850107732034,0.19155912585629706,4.62,5.38,-1.35,1.35,4.82961778045657,5.180162953603358,-0.4028536882579804,0.23670727144994952
confirmation,41,5,-0.23681817099107377,0.08139850107732034,0.21231819358802773,5.62,6.38,-1.35,1.35,5.732620285839213,6.045622384270727,0.2423411917309171,0.6772997398922553
confirmation,41,6,-0.23681817099107377,0.08139850107732034,0.22428113394899057,6.62,7.38,-1.35,1.35,6.831562738047012,7.141055544632392,-0.5938695590370218,-0.028056597488119894
confirmation,42,0,-0.19416323622300272,0.09483143853860573,0.20935906687903738,0.62,1.38,-1.35,1.35,0.9685336601431984,1.2278643662496591,-0.25400886992765775,0.3446427787724165
confirmation,42,1,-0.19416323622300272,0.09483143853860573,0.16779147835431035,1.62,2.38,-1.35,1.35,1.7683493377562332,2.0159914475507428,0.05132753725309569,0.7914206912654378
confirmation,42,2,-0.19416323622300272,0.09483143853860573,0.15685914193427758,2.62,3.38,-1.35,1.35,2.931757700020306,3.1667126273715303,0.04563518540368666,0.6886894116654845
confirmation,42,3,-0.19416323622300272,0.09483143853860573,0.19220293520520962,3.62,4.38,-1.35,1.35,3.89876132316473,4.280471244885603,-0.35268299922406326,0.3224287200625338
confirmation,42,4,-0.19416323622300272,0.09483143853860573,0.16679573975555925,4.62,5.38,-1.35,1.35,4.815353644476514,5.192426819271016,0.17263590371659226,0.7232111620222854
confirmation,42,5,-0.19416323622300272,0.09483143853860573,0.16885963189766154,5.62,6.38,-1.35,1.35,5.894877258259836,6.210067162339373,0.202359251438481,0.5772527592900351
confirmation,42,6,-0.19416323622300272,0.09483143853860573,0.15584238367235095,6.62,7.38,-1.35,1.35,6.732042305841608,7.07409243798976,-0.6667377809916155,-0.0352370521267662
confirmation,43,0,0.12211916688216774,-0.16466105254635116,0.16819584457075507,0.62,1.38,-1.35,1.35,0.8655550811921688,1.1862790468325073,0.2191106181620068,0.6796660921867852
confirmation,43,1,0.12211916688216774,-0.16466105254635116,0.18725203953395025,1.62,2.38,-1.35,1.35,1.7881467570106067,2.1849711941499277,0.014460322928487257,0.723463671852107
confirmation,43,2,0.12211916688216774,-0.16466105254635116,0.17916080271939877,2.62,3.38,-1.35,1.35,2.7493240171913564,3.1096413358142385,-0.46526785348195204,0.282960586428008
confirmation,43,3,0.12211916688216774,-0.16466105254635116,0.1714520055856237,3.62,4.38,-1.35,1.35,3.8155594059269,4.111037854230266,0.2765676744001939,0.6783582310553204
confirmation,43,4,0.12211916688216774,-0.16466105254635116,0.18545199207489144,4.62,5.38,-1.35,1.35,4.908687154296293,5.16688290857354,-0.3443445967916417,0.4120220640921835
confirmation,43,5,0.12211916688216774,-0.16466105254635116,0.2244758028529267,5.62,6.38,-1.35,1.35,5.797951761306203,6.028516195952935,-0.6590631955507543,0.05093001326323232
confirmation,43,6,0.12211916688216774,-0.16466105254635116,0.2233645115545787,6.62,7.38,-1.35,1.35,6.864826936580872,7.128716122126367,0.06519551392723516,0.661128425870019
confirmation,44,0,-0.13057015674874892,0.07377334784726919,0.17572456448253954,0.62,1.38,-1.35,1.35,0.9764994129710668,1.2138457326453471,-0.3733900476543617,0.03113656760271047
confirmation,44,1,-0.13057015674874892,0.07377334784726919,0.1615244440592794,1.62,2.38,-1.35,1.35,1.9214340881161567,2.197221692013163,-0.5856522903375472,-0.2209820971549381
confirmation,44,2,-0.13057015674874892,0.07377334784726919,0.1607439341417304,2.62,3.38,-1.35,1.35,2.7926355923958406,3.054092678910462,0.16220518183443688,0.7707344781253641
confirmation,44,3,-0.13057015674874892,0.07377334784726919,0.20514275377529342,3.62,4.38,-1.35,1.35,3.783998619772203,4.092938938034724,-0.1558286245388798,0.5128078828438027
confirmation,44,4,-0.13057015674874892,0.07377334784726919,0.2169878232284409,4.62,5.38,-1.35,1.35,4.856809133051174,5.129596507347101,-0.019223577555691818,0.5419365011546663
confirmation,44,5,-0.13057015674874892,0.07377334784726919,0.20336452512486822,5.62,6.38,-1.35,1.35,5.861661682479276,6.2378815473898594,-0.15769993170185997,0.3592273106465285
confirmation,44,6,-0.13057015674874892,0.07377334784726919,0.17292266451341717,6.62,7.38,-1.35,1.35,6.893758848171226,7.259696003723871,-0.8303474259166992,-0.12954797276718177
confirmation,45,0,0.011288703811568034,0.33234280354439977,0.21705972980883437,0.62,1.38,-1.35,1.35,0.8478422360727517,1.2212217121328184,-0.3540094445158696,0.09682043376646854
confirmation,45,1,0.011288703811568034,0.33234280354439977,0.20362401647182415,1.62,2.38,-1.35,1.35,1.9188932764795432,2.2422275669703957,-0.3741486298888542,0.10174464646581285
confirmation,45,2,0.011288703811568034,0.33234280354439977,0.2124047221953719,2.62,3.38,-1.35,1.35,2.732389391843632,3.0354538579736308,-0.4796012487716402,-0.09173876053492774
confirmation,45,3,0.011288703811568034,0.33234280354439977,0.19428129798888036,3.62,4.38,-1.35,1.35,3.970537543958168,4.193123155398432,-0.2690358881506244,0.43256639634839444
confirmation,45,4,0.011288703811568034,0.33234280354439977,0.21188063035807914,4.62,5.38,-1.35,1.35,4.796913610472556,5.152184695766408,-0.7321896371217178,-0.12166029162208902
confirmation,45,5,0.011288703811568034,0.33234280354439977,0.2084934947756404,5.62,6.38,-1.35,1.35,5.924251453305472,6.151576665565973,-0.5453961793501706,-0.11089468804711233
confirmation,45,6,0.011288703811568034,0.33234280354439977,0.17203096560494527,6.62,7.38,-1.35,1.35,6.823921987227161,7.197235109122035,-0.6011566712790616,0.11360412067672876
confirmation,46,0,-0.1724290386232996,0.052881156248788974,0.15380784486565377,0.62,1.38,-1.35,1.35,0.9889273980565079,1.2421855008506377,-0.6316577811784481,-0.06695628758543443
confirmation,46,1,-0.1724290386232996,0.052881156248788974,0.1821453002692572,1.62,2.38,-1.35,1.35,1.7359750651785888,2.125618381771449,-0.529684204080812,-0.036050561274875964
confirmation,46,2,-0.1724290386232996,0.052881156248788974,0.22828795230827176,2.62,3.38,-1.35,1.35,2.957908359232036,3.236363688728809,-0.6998232620927151,0.04177941256836537
confirmation,46,3,-0.1724290386232996,0.052881156248788974,0.1608291525200778,3.62,4.38,-1.35,1.35,3.8970469028613097,4.139385855742421,-0.6344813048202163,-0.17495028095707754
confirmation,46,4,-0.1724290386232996,0.052881156248788974,0.22841850492260932,4.62,5.38,-1.35,1.35,4.993539449213184,5.239623926973415,-0.12107531476184064,0.30889526646069965
confirmation,46,5,-0.1724290386232996,0.052881156248788974,0.1810082081804463,5.62,6.38,-1.35,1.35,5.881909483028424,6.1333119584052165,-0.6136342084551019,0.0738166214318548
confirmation,46,6,-0.1724290386232996,0.052881156248788974,0.17236611210027813,6.62,7.38,-1.35,1.35,6.866945251513924,7.183786901953114,0.13338499959106084,0.519459459251424
confirmation,47,0,-0.29495031309722697,0.17371371111714767,0.1868417447279839,0.62,1.38,-1.35,1.35,0.9522235118404739,1.2125833858419928,-0.7122393260861577,-0.003557431516326537
confirmation,47,1,-0.29495031309722697,0.17371371111714767,0.16816967700682445,1.62,2.38,-1.35,1.35,1.7611723283250487,2.1329628343697813,-0.12332222087105077,0.3068465252725326
confirmation,47,2,-0.29495031309722697,0.17371371111714767,0.22935111742706718,2.62,3.38,-1.35,1.35,2.848653915079533,3.2481088784970615,0.08891082285115637,0.608545392235823
confirmation,47,3,-0.29495031309722697,0.17371371111714767,0.21102358172051736,3.62,4.38,-1.35,1.35,3.836196904051943,4.1122516427000395,-0.654629004900606,0.031009808721175036
confirmation,47,4,-0.29495031309722697,0.17371371111714767,0.19676677571412832,4.62,5.38,-1.35,1.35,4.778049209844285,5.002826795158372,-0.4909786934445913,0.2436861208900572
confirmation,47,5,-0.29495031309722697,0.17371371111714767,0.1788668995365707,5.62,6.38,-1.35,1.35,5.8822937611808985,6.117525660826471,-0.45226731353130445,0.1717226389287605
confirmation,47,6,-0.29495031309722697,0.17371371111714767,0.16001468184335857,6.62,7.38,-1.35,1.35,6.930876109100783,7.234099668060933,-0.7055489639919776,-0.04890880483378751
confirmation,48,0,0.08139302750500806,0.14385597160610064,0.2028477150740406,0.62,1.38,-1.35,1.35,0.9106297294803434,1.1738582042599566,-0.5632166756551742,0.051068003936177275
confirmation,48,1,0.08139302750500806,0.14385597160610064,0.18068080441854717,1.62,2.38,-1.35,1.35,1.863304343736689,2.127269464037577,0.1437903145511547,0.8462480266679828
confirmation,48,2,0.08139302750500806,0.14385597160610064,0.22041257937693312,2.62,3.38,-1.35,1.35,2.8400247507053917,3.157573291488249,-0.4142016066481839,0.08666911520327342
confirmation,48,3,0.08139302750500806,0.14385597160610064,0.22178848701057968,3.62,4.38,-1.35,1.35,3.8684446343004306,4.171382536549276,-0.15648719925467647,0.24208576598997256
confirmation,48,4,0.08139302750500806,0.14385597160610064,0.1909135842351687,4.62,5.38,-1.35,1.35,4.928933817447101,5.258880305178822,-0.28067473484028543,0.4147956136313276
confirmation,48,5,0.08139302750500806,0.14385597160610064,0.18059205249899535,5.62,6.38,-1.35,1.35,5.859625926765322,6.238331231755112,-0.6073114870282569,0.09236610210915186
confirmation,48,6,0.08139302750500806,0.14385597160610064,0.16673681910445146,6.62,7.38,-1.35,1.35,6.757895542085968,7.0546617675843075,-0.49421068383671596,-0.006674037181571696
confirmation,49,0,0.04001353989340393,-0.2495155305281931,0.21203953569840062,0.62,1.38,-1.35,1.35,0.9289364600023006,1.2173086556192354,0.19099698453861394,0.6250287648709321
confirmation,49,1,0.04001353989340393,-0.2495155305281931,0.17765841379438724,1.62,2.38,-1.35,1.35,1.8010377744491286,2.0335804928450063,0.11198372354308006,0.7439225729548931
confirmation,49,2,0.04001353989340393,-0.2495155305281931,0.19016169562472954,2.62,3.38,-1.35,1.35,2.7159003568872335,3.0823369760479298,-0.06796144120541334,0.40617346913426655
confirmation,49,3,0.04001353989340393,-0.2495155305281931,0.17039732883600053,3.62,4.38,-1.35,1.35,3.845573769765286,4.23116476339235,-0.3828956749264294,0.24607618142496124
confirmation,49,4,0.04001353989340393,-0.2495155305281931,0.22612091109468793,4.62,5.38,-1.35,1.35,4.90294588753618,5.19993325107116,0.06956318406654144,0.7214443213195061
confirmation,49,5,0.04001353989340393,-0.2495155305281931,0.18274037369684593,5.62,6.38,-1.35,1.35,5.739397406072147,6.025996090582508,-0.12078667853954922,0.5093052511078249
confirmation,49,6,0.04001353989340393,-0.2495155305281931,0.1808094945027454,6.62,7.38,-1.35,1.35,6.899751212605609,7.2516914342406755,0.05396744632699085,0.43787924907387027
confirmation,50,0,0.020353331577256495,-0.1449534468481444,0.1698249573158458,0.62,1.38,-1.35,1.35,0.8285504746029158,1.1024525829929337,0.00743552276755538,0.5369729680842972
confirmation,50,1,0.020353331577256495,-0.1449534468481444,0.15591026603047342,1.62,2.38,-1.35,1.35,1.7552979803488316,2.1282581187308227,-0.008000357026456795,0.6904724361508117
confirmation,50,2,0.020353331577256495,-0.1449534468481444,0.22991007352439014,2.62,3.38,-1.35,1.35,2.811032596019126,3.178331724630015,-0.046330333943660096,0.6903583636147377
confirmation,50,3,0.020353331577256495,-0.1449534468481444,0.21809272358112855,3.62,4.38,-1.35,1.35,3.833706191925706,4.118742480687796,-0.018516191582912456,0.44358851576158825
confirmation,50,4,0.020353331577256495,-0.1449534468481444,0.1918739693396081,4.62,5.38,-1.35,1.35,4.910926156101743,5.1852251817472474,-0.46381212925289966,0.18830115348360726
confirmation,50,5,0.020353331577256495,-0.1449534468481444,0.22167983761553126,5.62,6.38,-1.35,1.35,5.789968996303898,6.145748785660702,-0.345745806042115,0.3286132635013914
confirmation,50,6,0.020353331577256495,-0.1449534468481444,0.18473339834727925,6.62,7.38,-1.35,1.35,6.832367858092824,7.200665025469951,-0.061680350575258336,0.5977144012070172
confirmation,51,0,-0.08605007196676726,-0.28025639520354784,0.20575993035530435,0.62,1.38,-1.35,1.35,0.8490078947511941,1.104067798441947,-0.7844654422014087,-0.19823788163433387
confirmation,51,1,-0.08605007196676726,-0.28025639520354784,0.20400456179674323,1.62,2.38,-1.35,1.35,1.746753764621517,2.037179772581967,-0.6073819361056931,0.04124830672241209
confirmation,51,2,-0.08605007196676726,-0.28025639520354784,0.22624244421247913,2.62,3.38,-1.35,1.35,2.792562801043305,3.053548848554584,-0.6679269847271101,-0.04716680316600147
confirmation,51,3,-0.08605007196676726,-0.28025639520354784,0.15878120987164665,3.62,4.38,-1.35,1.35,3.789671177089621,4.047154161096257,-0.39021696386596233,0.31660476228392814
confirmation,51,4,-0.08605007196676726,-0.28025639520354784,0.15446279624808215,4.62,5.38,-1.35,1.35,4.789590266955591,5.134659333965797,-0.5035255052820324,0.13592874200649013
confirmation,51,5,-0.08605007196676726,-0.28025639520354784,0.16662895021428467,5.62,6.38,-1.35,1.35,5.7082147297935455,6.086876667822049,0.06006386176809647,0.6574321908276017
confirmation,51,6,-0.08605007196676726,-0.28025639520354784,0.18415024589987886,6.62,7.38,-1.35,1.35,6.817192909029031,7.1404664252550445,-0.09128738377259132,0.5213406373718259
confirmation,52,0,0.27197971983886293,0.18355474248485276,0.1545538152748543,0.62,1.38,-1.35,1.35,0.7528158414196116,1.06169554508962,-0.7118395670216009,-0.24052289849354053
confirmation,52,1,0.27197971983886293,0.18355474248485276,0.19460522632665542,1.62,2.38,-1.35,1.35,1.75879304572182,2.1412652145588864,0.21406868813079616,0.729960900548068
confirmation,52,2,0.27197971983886293,0.18355474248485276,0.1512730774450656,2.62,3.38,-1.35,1.35,2.8500411860473918,3.1345190624143706,-0.6083489442984236,-0.02988286133136908
confirmation,52,3,0.27197971983886293,0.18355474248485276,0.160452742823583,3.62,4.38,-1.35,1.35,3.797416737386796,4.078250335922073,-0.47546751605204735,0.044940275768220184
confirmation,52,4,0.27197971983886293,0.18355474248485276,0.16215952232336686,4.62,5.38,-1.35,1.35,4.75794240440425,5.117598067660575,-0.2673169262982451,0.270207829078144
confirmation,52,5,0.27197971983886293,0.18355474248485276,0.17406624784076338,5.62,6.38,-1.35,1.35,5.883985035828141,6.156019519011888,-0.4408224912208647,0.12423666870311312
confirmation,52,6,0.27197971983886293,0.18355474248485276,0.19782175944183203,6.62,7.38,-1.35,1.35,6.885724990143726,7.159457090078443,-0.40838533565236695,-0.04775511871412391
confirmation,53,0,-0.19425244005752096,-0.10030771632919061,0.21381059618930143,0.62,1.38,-1.35,1.35,0.7067687887915695,1.0861976105987672,0.14564289506395578,0.7515315747677057
confirmation,53,1,-0.19425244005752096,-0.10030771632919061,0.15829634962205605,1.62,2.38,-1.35,1.35,1.8104040153110381,2.1122159645941916,-0.41781893023504324,-0.028788258075251677
confirmation,53,2,-0.19425244005752096,-0.10030771632919061,0.18865203646813783,2.62,3.38,-1.35,1.35,2.828643183936096,3.185504255981134,-0.48173591585479325,-0.06664997695225053
confirmation,53,3,-0.19425244005752096,-0.10030771632919061,0.2189963258683661,3.62,4.38,-1.35,1.35,3.9682867721287107,4.214650097268666,0.12195419720377668,0.48434322702736854
confirmation,53,4,-0.19425244005752096,-0.10030771632919061,0.1651507705595795,4.62,5.38,-1.35,1.35,4.798443269397146,5.119539922133735,-0.5536150309276623,0.09261819500530277
confirmation,53,5,-0.19425244005752096,-0.10030771632919061,0.1825564577150872,5.62,6.38,-1.35,1.35,5.769346591360753,6.16852684964379,-0.31802172694733705,0.08608449706366178
confirmation,53,6,-0.19425244005752096,-0.10030771632919061,0.20528516846181744,6.62,7.38,-1.35,1.35,6.950368467238463,7.280774592749229,0.293042959096171,0.7058825283833325
confirmation,54,0,0.1076491087821283,0.15588041205350167,0.20362774849281906,0.62,1.38,-1.35,1.35,0.8117866269207015,1.0683195183260903,-0.1771090993871999,0.2505278783007864
confirmation,54,1,0.1076491087821283,0.15588041205350167,0.18709319716196002,1.62,2.38,-1.35,1.35,1.827309110412615,2.157735423385492,-0.4348673490011318,0.06332487988872146
confirmation,54,2,0.1076491087821283,0.15588041205350167,0.21886772601781956,2.62,3.38,-1.35,1.35,2.8145914742258724,3.1925717161942164,0.1330234267958511,0.5549341662716342
confirmation,54,3,0.1076491087821283,0.15588041205350167,0.15490928326475037,3.62,4.38,-1.35,1.35,3.8314627710176543,4.148302145136376,0.28365127451246686,0.6801750490753087
confirmation,54,4,0.1076491087821283,0.15588041205350167,0.154114466217244,4.62,5.38,-1.35,1.35,4.760891155452882,5.06919262285658,-0.26366759285379765,0.16501536109856824
confirmation,54,5,0.1076491087821283,0.15588041205350167,0.18744721276158355,5.62,6.38,-1.35,1.35,5.712428142819828,6.078682011020247,-0.293754418873831,0.2905965080748778
confirmation,54,6,0.1076491087821283,0.15588041205350167,0.19504989950592586,6.62,7.38,-1.35,1.35,6.76958906573308,7.128134757966008,-0.5031178013528066,-0.001607674918534585
confirmation,55,0,-0.08916541211541666,-0.15076897841450482,0.20213461751943704,0.62,1.38,-1.35,1.35,0.8755382144744847,1.13878093752178,-0.5685895323918073,-0.2009354360988864
confirmation,55,1,-0.08916541211541666,-0.15076897841450482,0.16130289318054525,1.62,2.38,-1.35,1.35,1.7766160820699943,2.091833542694217,-0.2835765453957087,0.21652625534468678
confirmation,55,2,-0.08916541211541666,-0.15076897841450482,0.16568823928597506,2.62,3.38,-1.35,1.35,2.889868867341906,3.208629673136755,-0.5354803029735864,-0.17028294255946588
confirmation,55,3,-0.08916541211541666,-0.15076897841450482,0.15720044496128813,3.62,4.38,-1.35,1.35,3.809767998086161,4.057132546129724,-0.42914347614931736,0.3154149601625802
confirmation,55,4,-0.08916541211541666,-0.15076897841450482,0.18291693291556418,4.62,5.38,-1.35,1.35,4.8902143436788155,5.142057084059253,-0.584108003206036,0.1447259277471175
confirmation,55,5,-0.08916541211541666,-0.15076897841450482,0.22996706123331984,5.62,6.38,-1.35,1.35,5.792506503491416,6.03494568205602,-0.2233425620530451,0.33415924903097877
confirmation,55,6,-0.08916541211541666,-0.15076897841450482,0.1503343072327087,6.62,7.38,-1.35,1.35,6.742794324501174,7.106482335963939,-0.03939939815614393,0.4504944569152448
confirmation,56,0,-0.17164841340350062,0.2994823037549117,0.2040951230370519,0.62,1.38,-1.35,1.35,0.7577813184330823,1.0973698991973968,-0.39353133670612006,0.018456060002309482
confirmation,56,1,-0.17164841340350062,0.2994823037549117,0.20825704672141437,1.62,2.38,-1.35,1.35,1.7973350899221856,2.090148292444318,-0.7234318119200229,-0.17622703577100696
confirmation,56,2,-0.17164841340350062,0.2994823037549117,0.2122817301642764,2.62,3.38,-1.35,1.35,2.9133771830624764,3.237875367516162,-0.35995324363206277,0.38277069632399613
confirmation,56,3,-0.17164841340350062,0.2994823037549117,0.2250494256997534,3.62,4.38,-1.35,1.35,3.7673040644657125,4.056690037931356,-0.36529985273594945,0.3396098602011437
confirmation,56,4,-0.17164841340350062,0.2994823037549117,0.19818112672499152,4.62,5.38,-1.35,1.35,4.965698739990471,5.232164603964329,-0.021799427838758156,0.6967631853865885
confirmation,56,5,-0.17164841340350062,0.2994823037549117,0.22971422221848975,5.62,6.38,-1.35,1.35,5.754091521716243,6.009703445932444,-0.5871518983111381,0.08954708757337942
confirmation,56,6,-0.17164841340350062,0.2994823037549117,0.15379198518732407,6.62,7.38,-1.35,1.35,6.827958897782666,7.0999616518037625,-0.6760698871498334,-0.12149819142440704
confirmation,57,0,-0.288580005310684,-0.11649598936270972,0.20294321896733622,0.62,1.38,-1.35,1.35,0.8296089229315631,1.1909531830275957,-0.24236132744836164,0.4062866767834464
confirmation,57,1,-0.288580005310684,-0.11649598936270972,0.17307725154166123,1.62,2.38,-1.35,1.35,1.7344943135712532,2.083160217274443,-0.5050959966407698,-0.1373331632926154
confirmation,57,2,-0.288580005310684,-0.11649598936270972,0.19792255695656247,2.62,3.38,-1.35,1.35,2.9501985420472816,3.2727509365627916,-0.7156836707129831,-0.031739032480267215
confirmation,57,3,-0.288580005310684,-0.11649598936270972,0.21726440184765336,3.62,4.38,-1.35,1.35,3.7836565948854446,4.098588756655166,0.16418693005850699,0.686712411187542
confirmation,57,4,-0.288580005310684,-0.11649598936270972,0.15547391786605078,4.62,5.38,-1.35,1.35,4.907704956344798,5.149521852607405,0.15176232343323592,0.739193911919636
confirmation,57,5,-0.288580005310684,-0.11649598936270972,0.15726781886736926,5.62,6.38,-1.35,1.35,5.938609780642389,6.294248006262363,-0.6962821712971524,-0.18965444976276913
confirmation,57,6,-0.288580005310684,-0.11649598936270972,0.17254442642834242,6.62,7.38,-1.35,1.35,6.901383779079638,7.200688028394954,0.12930979893368727,0.6017225437929592
confirmation,58,0,-0.17102221962660893,0.029605768120935957,0.18006984322499842,0.62,1.38,-1.35,1.35,0.8249854918113882,1.0734787694200199,-0.1153490028789155,0.3668816972512867
confirmation,58,1,-0.17102221962660893,0.029605768120935957,0.18246826294785545,1.62,2.38,-1.35,1.35,1.8959687334865116,2.211244418156393,-0.004057843738161648,0.5421965541117263
confirmation,58,2,-0.17102221962660893,0.029605768120935957,0.19854319289373565,2.62,3.38,-1.35,1.35,2.8910965350777595,3.2338395556412762,-0.13961868272459654,0.5537417887186747
confirmation,58,3,-0.17102221962660893,0.029605768120935957,0.2222887623791609,3.62,4.38,-1.35,1.35,3.8697051300189735,4.14824730965099,-0.5055495349876935,0.1799963782257194
confirmation,58,4,-0.17102221962660893,0.029605768120935957,0.19662029672114964,4.62,5.38,-1.35,1.35,4.748113815416274,5.113321418003696,-0.5247306443440661,0.045135924944925576
confirmation,58,5,-0.17102221962660893,0.029605768120935957,0.15503283611078283,5.62,6.38,-1.35,1.35,5.816593750710066,6.044966954055942,-0.07373814554652969,0.566818339695487
confirmation,58,6,-0.17102221962660893,0.029605768120935957,0.229657555849358,6.62,7.38,-1.35,1.35,6.966178673593894,7.191254155464349,0.11499025855004247,0.852091522935557
confirmation,59,0,0.09925391386166083,-0.16378663806086308,0.21812458981173358,0.62,1.38,-1.35,1.35,0.8928270752276997,1.1755783735683796,0.11893440318684334,0.5298582775957528
confirmation,59,1,0.09925391386166083,-0.16378663806086308,0.16777428077264947,1.62,2.38,-1.35,1.35,1.82686128866909,2.1908478294140035,-0.09349439637179346,0.6152582005851234
confirmation,59,2,0.09925391386166083,-0.16378663806086308,0.19060758360336016,2.62,3.38,-1.35,1.35,2.8873066539967116,3.120518666196044,0.10249306629657579,0.6109854797824472
confirmation,59,3,0.09925391386166083,-0.16378663806086308,0.2262618157890735,3.62,4.38,-1.35,1.35,3.828815145008239,4.19657724045684,-0.5224739092341212,-0.1502046251861241
confirmation,59,4,0.09925391386166083,-0.16378663806086308,0.19435859915793793,4.62,5.38,-1.35,1.35,4.837620770806025,5.138965291700202,0.17792527926493068,0.6796858362888656
confirmation,59,5,0.09925391386166083,-0.16378663806086308,0.21137301332929034,5.62,6.38,-1.35,1.35,5.883381886748244,6.1060566181094496,-0.7385969168561437,-0.023065325961205918
confirmation,59,6,0.09925391386166083,-0.16378663806086308,0.17025449797076703,6.62,7.38,-1.35,1.35,6.822045379707831,7.1527577194960195,-0.6132797416189975,-0.22014780365519854
confirmation,60,0,-0.15175967229493026,-0.28752142034335865,0.21243051571316013,0.62,1.38,-1.35,1.35,0.9303493094555503,1.2268872483297535,-0.08308317919982833,0.5692113562311734
confirmation,60,1,-0.15175967229493026,-0.28752142034335865,0.17630840029730857,1.62,2.38,-1.35,1.35,1.8372889805628307,2.139231122408562,-0.7707297282440118,-0.03246198345541168
confirmation,60,2,-0.15175967229493026,-0.28752142034335865,0.20015355296387585,2.62,3.38,-1.35,1.35,2.7774394968519607,3.0219328785791593,0.027391728598695375,0.723391809338741
confirmation,60,3,-0.15175967229493026,-0.28752142034335865,0.1736228156531015,3.62,4.38,-1.35,1.35,3.85120958735475,4.1304717450932635,-0.19054272647682935,0.34750602340003156
confirmation,60,4,-0.15175967229493026,-0.28752142034335865,0.2191633072857017,4.62,5.38,-1.35,1.35,4.822108951430643,5.205501573896001,-0.5399544174186462,0.19317116786594835
confirmation,60,5,-0.15175967229493026,-0.28752142034335865,0.19055258191945007,5.62,6.38,-1.35,1.35,5.7751234759815295,6.075931789475809,-0.22458963033627405,0.3009501605334369
confirmation,60,6,-0.15175967229493026,-0.28752142034335865,0.19507882794408518,6.62,7.38,-1.35,1.35,6.92462454800893,7.303900988180365,-0.12119402664610232,0.3216510884812863
confirmation,61,0,-0.22707245082200822,0.11368576417299502,0.20262165291480458,0.62,1.38,-1.35,1.35,0.9250381194501992,1.2676403442513322,-0.44713190166707384,0.27320279923525215
confirmation,61,1,-0.22707245082200822,0.11368576417299502,0.16809369274719427,1.62,2.38,-1.35,1.35,1.8748054914943002,2.2724943269586606,0.1752590799351616,0.6993040432075888
confirmation,61,2,-0.22707245082200822,0.11368576417299502,0.17530797670877088,2.62,3.38,-1.35,1.35,2.848669614173867,3.182986698775333,-0.43462430723085216,0.19819558789461839
confirmation,61,3,-0.22707245082200822,0.11368576417299502,0.20536071597126562,3.62,4.38,-1.35,1.35,3.842747576048534,4.131125756401665,-0.19924598277022632,0.18747629631401785
confirmation,61,4,-0.22707245082200822,0.11368576417299502,0.17776711997423564,4.62,5.38,-1.35,1.35,4.931945454887518,5.254185395268311,-0.4440537660444218,0.208703594107719
confirmation,61,5,-0.22707245082200822,0.11368576417299502,0.15717163899417877,5.62,6.38,-1.35,1.35,5.863005149438791,6.105881616575509,0.05831931012429556,0.45885808758552016
confirmation,61,6,-0.22707245082200822,0.11368576417299502,0.17434525868581205,6.62,7.38,-1.35,1.35,6.852158933507656,7.239919620995817,-0.6595065722151632,-0.059324121024111554
confirmation,62,0,0.29321269304355996,0.3249761349330396,0.16291248543992254,0.62,1.38,-1.35,1.35,0.7930995386573414,1.0533096999959553,-0.05914087023918191,0.30115290202002554
confirmation,62,1,0.29321269304355996,0.3249761349330396,0.15313197621813587,1.62,2.38,-1.35,1.35,2.0065041711375633,2.229585422105801,-0.6657434434225333,0.03254779766088062
confirmation,62,2,0.29321269304355996,0.3249761349330396,0.1727574480734711,2.62,3.38,-1.35,1.35,2.6938368780756767,3.0860477167174003,-0.2482338573115157,0.14678793042310723
confirmation,62,3,0.29321269304355996,0.3249761349330396,0.1641862809743789,3.62,4.38,-1.35,1.35,3.863473521163232,4.140273569565828,0.0639742493858666,0.5969129849906478
confirmation,62,4,0.29321269304355996,0.3249761349330396,0.21504976327264852,4.62,5.38,-1.35,1.35,4.863301140891273,5.087706508815175,-0.06913216135533495,0.5347757018152949
confirmation,62,5,0.29321269304355996,0.3249761349330396,0.17298625849775714,5.62,6.38,-1.35,1.35,5.758856956426335,6.142536074771437,0.22920096660369169,0.5905582854319239
confirmation,62,6,0.29321269304355996,0.3249761349330396,0.21705178121557042,6.62,7.38,-1.35,1.35,6.9540775708817435,7.225223824741562,-0.7023350453697863,-0.1980436342463608
confirmation,63,0,-0.11869048746623176,-0.19705995841607804,0.2133808435878568,0.62,1.38,-1.35,1.35,0.8779067956725017,1.2092980985795065,0.15110218151409893,0.5198077205576861
confirmation,63,1,-0.11869048746623176,-0.19705995841607804,0.171343697294948,1.62,2.38,-1.35,1.35,1.8026455581108793,2.173241282337653,-0.6808045040382322,-0.038159479464720425
confirmation,63,2,-0.11869048746623176,-0.19705995841607804,0.2225235450987603,2.62,3.38,-1.35,1.35,2.9051002199652896,3.1753259625664425,0.14614955043152572,0.6806694937905093
confirmation,63,3,-0.11869048746623176,-0.19705995841607804,0.16702509073646402,3.62,4.38,-1.35,1.35,3.787632671048144,4.15757358762057,-0.3198577485276674,0.18972345298084753
confirmation,63,4,-0.11869048746623176,-0.19705995841607804,0.21262446012940991,4.62,5.38,-1.35,1.35,4.9617025973829065,5.268200282695403,0.16516179200637393,0.5684854784681241
confirmation,63,5,-0.11869048746623176,-0.19705995841607804,0.1653090492497492,5.62,6.38,-1.35,1.35,5.872451657303507,6.108949541903454,-0.6213167795773615,0.033304154956570464
confirmation,63,6,-0.11869048746623176,-0.19705995841607804,0.1816607718455679,6.62,7.38,-1.35,1.35,6.763301353731093,7.12219675566744,-0.13469417284176288,0.2722513312288727
