split,method,metric,estimate,ci95_lower,ci95_upper,independent_layout_count,episode_count,cluster_unit
confirmation,native_controller,success,1.0,1.0,1.0,64,2048,layout
confirmation,native_controller,task_return,2.994401144468638,2.992848048775693,2.9957640360195916,64,2048,layout
confirmation,native_controller,path_length,7.005598855531361,7.004228657025266,7.007133028839617,64,2048,layout
confirmation,native_controller,final_distance,1.4568966692773966e-19,0.0,3.7964016695937803e-19,64,2048,layout
confirmation,native_controller,actual_gaussian_proposals,0.0,0.0,0.0,64,2048,layout
confirmation,native_controller,naive_rejection_equivalent_proposals,0.0,0.0,0.0,64,2048,layout
confirmation,native_controller,primitive_random_variates,0.0,0.0,0.0,64,2048,layout
confirmation,native_controller,inverse_cdf_calls,0.0,0.0,0.0,64,2048,layout
confirmation,native_controller,runtime_ms,0.1703749453696446,0.16588142821447605,0.17479356790701672,64,2048,layout
confirmation,moving_conditioned_gaussian,success,0.931640625,0.916015625,0.94677734375,64,2048,layout
confirmation,moving_conditioned_gaussian,task_return,1.6944487332161808,1.5167966660044896,1.8520033286596056,64,2048,layout
confirmation,moving_conditioned_gaussian,path_length,7.186360728820036,7.17630568569825,7.196278061925554,64,2048,layout
confirmation,moving_conditioned_gaussian,final_distance,0.21779839398189202,0.21034963464771794,0.225893652789547,64,2048,layout
confirmation,moving_conditioned_gaussian,actual_gaussian_proposals,10.18115234375,9.99169921875,10.37012939453125,64,2048,layout
confirmation,moving_conditioned_gaussian,naive_rejection_equivalent_proposals,10.200953249571437,10.042267008019722,10.35874966962551,64,2048,layout
confirmation,moving_conditioned_gaussian,primitive_random_variates,20.3623046875,19.986328125,20.73046875,64,2048,layout
confirmation,moving_conditioned_gaussian,inverse_cdf_calls,0.0,0.0,0.0,64,2048,layout
confirmation,moving_conditioned_gaussian,runtime_ms,0.18922331648241197,0.18569381722954859,0.1926012322432058,64,2048,layout
confirmation,fixed_vertical_collision_repair,success,0.908203125,0.8916015625,0.92431640625,64,2048,layout
confirmation,fixed_vertical_collision_repair,task_return,1.4361626751207834,1.2466469307746406,1.6165249932608368,64,2048,layout
confirmation,fixed_vertical_collision_repair,path_length,7.197720634889457,7.187974656199319,7.207405062154473,64,2048,layout
confirmation,fixed_vertical_collision_repair,final_distance,0.22407396999488033,0.21545211464181188,0.23301767102217139,64,2048,layout
confirmation,fixed_vertical_collision_repair,actual_gaussian_proposals,7.0,7.0,7.0,64,2048,layout
confirmation,fixed_vertical_collision_repair,naive_rejection_equivalent_proposals,7.0,7.0,7.0,64,2048,layout
confirmation,fixed_vertical_collision_repair,primitive_random_variates,14.0,14.0,14.0,64,2048,layout
confirmation,fixed_vertical_collision_repair,inverse_cdf_calls,0.0,0.0,0.0,64,2048,layout
confirmation,fixed_vertical_collision_repair,runtime_ms,0.18780782760075,0.18479569319396205,0.19067275797972627,64,2048,layout
confirmation,anchor_frozen_corridor_projection,success,0.9482421875,0.93359375,0.96240234375,64,2048,layout
confirmation,anchor_frozen_corridor_projection,task_return,1.894545005195476,1.7273232778752248,2.045538367003614,64,2048,layout
confirmation,anchor_frozen_corridor_projection,path_length,7.170757269555976,7.161699651514703,7.179949857535289,64,2048,layout
confirmation,anchor_frozen_corridor_projection,final_distance,0.20855980012427422,0.20074505328501882,0.2163467839311465,64,2048,layout
confirmation,anchor_frozen_corridor_projection,actual_gaussian_proposals,7.0,7.0,7.0,64,2048,layout
confirmation,anchor_frozen_corridor_projection,naive_rejection_equivalent_proposals,7.0,7.0,7.0,64,2048,layout
confirmation,anchor_frozen_corridor_projection,primitive_random_variates,21.0,21.0,21.0,64,2048,layout
confirmation,anchor_frozen_corridor_projection,inverse_cdf_calls,0.0,0.0,0.0,64,2048,layout
confirmation,anchor_frozen_corridor_projection,runtime_ms,0.5181748860678681,0.5136320121238214,0.5228260276460617,64,2048,layout
confirmation,fixed_uniform_conditioned_coarse4,success,0.7001953125,0.68115234375,0.71923828125,64,2048,layout
confirmation,fixed_uniform_conditioned_coarse4,task_return,-1.3944237545152962,-1.6099391481270684,-1.173284069996023,64,2048,layout
confirmation,fixed_uniform_conditioned_coarse4,path_length,7.647609481953876,7.618096486979013,7.676130181037111,64,2048,layout
confirmation,fixed_uniform_conditioned_coarse4,final_distance,0.37438369878071004,0.3612082920824809,0.38764475018518596,64,2048,layout
confirmation,fixed_uniform_conditioned_coarse4,actual_gaussian_proposals,0.0,0.0,0.0,64,2048,layout
confirmation,fixed_uniform_conditioned_coarse4,naive_rejection_equivalent_proposals,6.969556411316844e+19,2.8746989023445556e+16,1.9578312810949578e+20,64,2048,layout
confirmation,fixed_uniform_conditioned_coarse4,primitive_random_variates,21.0,21.0,21.0,64,2048,layout
confirmation,fixed_uniform_conditioned_coarse4,inverse_cdf_calls,14.0,14.0,14.0,64,2048,layout
confirmation,fixed_uniform_conditioned_coarse4,runtime_ms,0.2658926638474668,0.2632556863328972,0.2685399863267435,64,2048,layout
confirmation,anchor_frozen_conditioned_coarse4,success,0.93798828125,0.92626953125,0.94921875,64,2048,layout
confirmation,anchor_frozen_conditioned_coarse4,task_return,1.7561457736820079,1.6258080254895457,1.875174277917845,64,2048,layout
confirmation,anchor_frozen_conditioned_coarse4,path_length,7.189946530899844,7.181807519484886,7.197764001503178,64,2048,layout
confirmation,anchor_frozen_conditioned_coarse4,final_distance,0.21689525395907372,0.21042877671076418,0.223393674415055,64,2048,layout
confirmation,anchor_frozen_conditioned_coarse4,actual_gaussian_proposals,0.0,0.0,0.0,64,2048,layout
confirmation,anchor_frozen_conditioned_coarse4,naive_rejection_equivalent_proposals,40.78870318892925,40.11430416014437,41.45439929709782,64,2048,layout
confirmation,anchor_frozen_conditioned_coarse4,primitive_random_variates,21.0,21.0,21.0,64,2048,layout
confirmation,anchor_frozen_conditioned_coarse4,inverse_cdf_calls,14.0,14.0,14.0,64,2048,layout
confirmation,anchor_frozen_conditioned_coarse4,runtime_ms,0.4961032935000276,0.4916801738797716,0.5005113997945898,64,2048,layout
confirmation,anchor_frozen_conditioned_refined8,success,0.9306640625,0.91845703125,0.9423828125,64,2048,layout
confirmation,anchor_frozen_conditioned_refined8,task_return,1.6746971765575978,1.5402242722650805,1.8043132753297004,64,2048,layout
confirmation,anchor_frozen_conditioned_refined8,path_length,7.192366435422432,7.1823527152447255,7.202567295428022,64,2048,layout
confirmation,anchor_frozen_conditioned_refined8,final_distance,0.2197885065099848,0.21346949841506682,0.22653894978458586,64,2048,layout
confirmation,anchor_frozen_conditioned_refined8,actual_gaussian_proposals,0.0,0.0,0.0,64,2048,layout
confirmation,anchor_frozen_conditioned_refined8,naive_rejection_equivalent_proposals,81.78453227087525,80.42406297890086,83.11109842536204,64,2048,layout
confirmation,anchor_frozen_conditioned_refined8,primitive_random_variates,21.0,21.0,21.0,64,2048,layout
confirmation,anchor_frozen_conditioned_refined8,inverse_cdf_calls,14.0,14.0,14.0,64,2048,layout
confirmation,anchor_frozen_conditioned_refined8,runtime_ms,0.5399900225739884,0.5347804747689366,0.5457278278541366,64,2048,layout
